system:index,dewpoint_temperature_2m,gauge_id,potential_evaporation,snow_depth_water_equivalent,surface_net_solar_radiation,surface_net_thermal_radiation,surface_pressure,temperature_2m,total_precipitation,u_component_of_wind_10m,v_component_of_wind_10m,volumetric_soil_water_layer_1,volumetric_soil_water_layer_2,volumetric_soil_water_layer_3,volumetric_soil_water_layer_4,.geo
20201222T00_00000000000000000000,292.4416380360548,3858.0,-0.011795479340208428,-7.345364920210326E-25,2.1065479047924656E7,-7245644.00615498,96960.59562267379,296.04189467220664,4.463764768800042E-5,-3.505498922732221,-0.23011798839578124,0.2834442052781484,0.2962104949477571,0.3282514013555,0.3681744624616546,"{""type"":""MultiPoint"",""coordinates"":[]}"
20201222T01_00000000000000000000,292.6422293321518,3858.0,-9.65185695413998E-5,-7.345364920210326E-25,0.0,-262592.86758903664,96969.01569651217,295.55127161348986,7.066686972180071E-7,-3.3073505821230027,-0.5330946908906957,0.283406866237061,0.2962121124163224,0.3282519885407385,0.36817382390272463,"{""type"":""MultiPoint"",""coordinates"":[]}"
20201222T02_00000000000000000000,292.70506480717313,3858.0,-1.6890906544734513E-4,-7.345364920210326E-25,0.0,-515934.67533799744,96932.49889793155,295.13243986092914,3.4164194619488164E-6,-3.0557770557233983,-0.7710484477557941,0.28339301259872973,0.2962144543342082,0.32825204994835394,0.3681720330479506,"{""type"":""MultiPoint"",""coordinates"":[]}"
20201222T03_00000000000000000000,292.68405357985756,3858.0,-2.2729311378069005E-4,-7.345364920210326E-25,0.0,-749959.240083645,96902.9041498435,294.81526639702435,1.0224393067677747E-5,-2.8134774214039013,-0.98841071049828,0.2834213716791018,0.29621624679441,0.328252709779203,0.3681716433303384,"{""type"":""MultiPoint"",""coordinates"":[]}"
20201222T04_00000000000000000000,292.60771982796126,3858.0,-2.7976229545235575E-4,-7.345364920210326E-25,0.0,-959553.7103345782,96867.64636508527,294.5850494776488,1.7346397925730127E-5,-2.65774229496092,-1.0958551027276997,0.2834513016706312,0.2962195688260021,0.32825262188202786,0.36817085747340267,"{""type"":""MultiPoint"",""coordinates"":[]}"
20201222T05_00000000000000000000,292.5286471880467,3858.0,-3.2032212892435443E-4,-7.345364920210326E-25,0.0,-1181525.1837419118,96861.95572142633,294.3117095924791,2.542925625529969E-5,-2.4843154394292366,-1.009371032506138,0.2834951093819096,0.2962201973510079,0.32825333148114044,0.3681706584003484,"{""type"":""MultiPoint"",""coordinates"":[]}"
20201222T06_00000000000000000000,292.4797442011433,3858.0,-3.5437815245269335E-4,-7.345364920210326E-25,0.0,-1389858.02022726,96884.12712789825,294.115836912945,3.795585932589396E-5,-2.287571507041073,-0.8068185642019077,0.28358015772532386,0.2962222474823807,0.3282547286047326,0.36816909150276045,"{""type"":""MultiPoint"",""coordinates"":[]}"
20201222T07_00000000000000000000,292.3023705906667,3858.0,-3.8043080181239286E-4,-7.345364920210326E-25,0.0,-1607169.7722131626,96903.35738396115,293.9010906774357,4.494922496548919E-5,-2.151458237735456,-0.6915506638546934,0.28362030746923117,0.2962258950144709,0.328254881120379,0.3681671140169981,"{""type"":""MultiPoint"",""coordinates"":[]}"
20201222T08_00000000000000000000,292.3978887206092,3858.0,-4.053273705593245E-4,-7.345364920210326E-25,0.0,-1780514.1783365766,96922.34830766844,293.83532526205965,5.178269453719474E-5,-2.0191786089414574,-0.557129900812557,0.28366143532006005,0.29622881328095707,0.32825642995690363,0.36816552303799216,"{""type"":""MultiPoint"",""coordinates"":[]}"
20201222T09_00000000000000000000,292.50649021744084,3858.0,-4.581999104436501E-4,-7.345364920210326E-25,124656.67441738115,-1932528.1060024202,96975.47353946649,294.2710969981016,7.02191664149869E-5,-2.4609558604756794,-0.7313924345226889,0.2837735287011456,0.2962304315522364,0.3282550665472964,0.3681642880626136,"{""type"":""MultiPoint"",""coordinates"":[]}"
20201222T10_00000000000000000000,292.2316494314138,3858.0,-6.617651842238621E-4,-7.345364920210326E-25,653847.5750434003,-2058281.3914987636,97012.97358385335,295.7308906789166,1.1808426638280164E-4,-3.4022374795057493,-0.9474697993513943,0.28403489275754745,0.2962160481227126,0.3282424354422781,0.36816195617865205,"{""type"":""MultiPoint"",""coordinates"":[]}"
20201222T11_00000000000000000000,291.6257944652398,3858.0,-0.0011943774503117334,-7.345364920210326E-25,1844763.039244568,-2200866.3988373927,97044.95232500882,297.72284461725854,1.6878493311679984E-4,-3.8019648629252307,-0.4941001751915922,0.28400995885750746,0.29617345331218004,0.32821387648613803,0.3681549769824028,"{""type"":""MultiPoint"",""coordinates"":[]}"
20201222T12_00000000000000000000,290.9858817502334,3858.0,-0.0019674151569481014,-7.345364920210326E-25,3479316.7179230885,-2394803.0561839114,97050.17009356586,299.25433431807284,2.034825609298361E-4,-3.8806297980138016,-0.006616978813643778,0.2836325039046574,0.2961124667201226,0.32816904972952765,0.3681458657779598,"{""type"":""MultiPoint"",""coordinates"":[]}"
20201222T13_00000000000000000000,290.4730849658629,3858.0,-0.0028960847255792817,-7.345364920210326E-25,5349709.211583987,-2583992.0515808295,97032.11214506936,300.45607638084385,2.245459970353534E-4,-3.821729330219093,0.2651288171351078,0.2831720559574063,0.29603772321676247,0.32811755844052787,0.36813555531890835,"{""type"":""MultiPoint"",""coordinates"":[]}"
20201222T14_00000000000000000000,290.09595399557855,3858.0,-0.003979560498298514,-7.345364920210326E-25,7651866.7871534545,-2864403.753143248,96978.70950787289,301.55321643361157,2.5256981617447773E-4,-3.5923867862550303,0.5384984497294268,0.28267351762883075,0.29594627363112747,0.32805308204966743,0.3681229262206747,"{""type"":""MultiPoint"",""coordinates"":[]}"
20201222T15_00000000000000000000,289.67920885211987,3858.0,-0.005140430527040624,-7.345364920210326E-25,1.0147432355147561E7,-3190947.0147298635,96904.04246898665,302.43670806651966,2.7348573478206767E-4,-3.394148092166046,0.797051501892449,0.2820730350327218,0.2958450883296132,0.3279846559049228,0.3681091404116706,"{""type"":""MultiPoint"",""coordinates"":[]}"
20201222T16_00000000000000000000,289.8166543977729,3858.0,-0.006078851593424038,-7.345364920210326E-25,1.2030421810721233E7,-3512386.297779997,96858.32527643155,302.31362897379347,2.831475135748137E-4,-3.4490086251804235,0.888720352098199,0.28154965912977775,0.295770357669676,0.3279282965573051,0.368098058945891,"{""type"":""MultiPoint"",""coordinates"":[]}"
20201222T17_00000000000000000000,290.16393481149265,3858.0,-0.006849336897295573,-7.345364920210326E-25,1.340406884986059E7,-3808900.811562942,96808.05834695077,301.7126775020436,2.8386298096520497E-4,-3.635165009696014,0.8340758858929107,0.28105938153023824,0.2957109070707204,0.3278873677795304,0.3680901959616065,"{""type"":""MultiPoint"",""coordinates"":[]}"
20201222T18_00000000000000000000,290.2865162328214,3858.0,-0.007716520262055198,-7.345364920210326E-25,1.4983185829133563E7,-4101326.72449892,96776.92905601452,301.72982508580935,2.968790876513573E-4,-3.6195892931203506,0.7355263838606707,0.2806443808374642,0.29564270849537433,0.3278365636136531,0.3680781295658368,"{""type"":""MultiPoint"",""coordinates"":[]}"
20201222T19_00000000000000000000,290.0066300180988,3858.0,-0.008385122394212461,-7.345364920210326E-25,1.5875849038665887E7,-4370419.424614655,96756.38996186835,301.32343741635714,2.9700762221912167E-4,-3.6304098873087254,0.7916071892436871,0.2802627606020401,0.295596931325473,0.32780464931329295,0.36807106929548056,"{""type"":""MultiPoint"",""coordinates"":[]}"
20201222T20_00000000000000000000,290.5205988274159,3858.0,-0.008883047497556576,-7.345364920210326E-25,1.640028598337629E7,-4663869.114156451,96774.34119159014,300.26894173368026,2.975906794385636E-4,-3.647802529201318,0.8392311937836955,0.2800103235272344,0.29557428676555647,0.32778652162465083,0.36806921984258995,"{""type"":""MultiPoint"",""coordinates"":[]}"
20201222T21_00000000000000000000,291.15712099438036,3858.0,-0.009200766164074753,-7.345364920210326E-25,1.6480190187595345E7,-4925918.262665052,96806.30284934933,298.95086684049636,2.975906794385636E-4,-3.4612916838747108,0.7366550918555822,0.27987510917551583,0.29557068860037317,0.3277816993207267,0.3680669569920261,"{""type"":""MultiPoint"",""coordinates"":[]}"
20201222T22_00000000000000000000,291.8442902617931,3858.0,-0.009422575333056477,-7.345364920210326E-25,1.6480190187595345E7,-5176554.149297698,96861.77028438823,297.801330185117,2.975906794385636E-4,-3.4318699386960323,0.4986367693980376,0.27978275051635687,0.2955703281818193,0.3277812899366233,0.3680647238418776,"{""type"":""MultiPoint"",""coordinates"":[]}"
20201222T23_00000000000000000000,292.4147477094526,3858.0,-0.009597505380919004,-7.345364920210326E-25,1.6480190187595345E7,-5394777.567205007,96931.08279610153,296.98824714268505,2.975906794385636E-4,-3.2664959791288726,0.12515109725086004,0.2797104849908934,0.2955717413596899,0.32778163711039743,0.3680628282329361,"{""type"":""MultiPoint"",""coordinates"":[]}"
20201223T00_00000000000000000000,292.75026659734976,3858.0,-0.009732477883514595,-7.345364920210326E-25,1.6480190187595345E7,-5593048.023936031,96934.02478349065,296.43282560896057,2.975906794385636E-4,-3.105004969184518,-0.1994227412824496,0.2796553445643758,0.2955736514174822,0.32778147897575355,0.3680625484871321,"{""type"":""MultiPoint"",""coordinates"":[]}"
20201223T01_00000000000000000000,292.88768790585857,3858.0,-1.1543390591510236E-4,-7.345364920210326E-25,0.0,-169864.0424880977,96950.33513812535,296.10291971345845,1.7801139187609613E-6,-2.958885629146114,-0.4400106331018878,0.27961927822622157,0.2955747447138526,0.3277824466473941,0.368061351239308,"{""type"":""MultiPoint"",""coordinates"":[]}"
20201223T02_00000000000000000000,292.950051154711,3858.0,-2.1528417290705702E-4,-7.345364920210326E-25,0.0,-328207.3307906781,96917.54505082297,295.8266457338889,2.310458055108328E-6,-2.7892635124110607,-0.5485148771274874,0.27957808736234935,0.295576407535755,0.3277824639057435,0.3680575198857284,"{""type"":""MultiPoint"",""coordinates"":[]}"
20201223T03_00000000000000000000,292.9495395706756,3858.0,-3.0320243379548475E-4,-7.345364920210326E-25,0.0,-475956.8738755325,96866.21826688178,295.5934718186854,3.166855878026991E-6,-2.7074439276386664,-0.6449382885733198,0.27954535469513925,0.2955764565013046,0.3277838778863281,0.3680571674943139,"{""type"":""MultiPoint"",""coordinates"":[]}"
20201223T04_00000000000000000000,292.9091551726165,3858.0,-3.834791326968553E-4,-7.345364920210326E-25,0.0,-621342.4376216526,96819.70057316597,295.3948266623716,4.763218907236557E-6,-2.5467815937991647,-0.741383958473669,0.279519842841071,0.29557878838526636,0.3277837040987627,0.36805615125848073,"{""type"":""MultiPoint"",""coordinates"":[]}"
20201223T05_00000000000000000000,292.86089304762913,3858.0,-4.5690165990496656E-4,-7.345364920210326E-25,0.0,-763722.2112288915,96799.4475733534,295.2365557610238,6.65553203793777E-6,-2.423825454370759,-0.8276010365104599,0.279499631708428,0.2955799041576265,0.327783878689042,0.3680559044239478,"{""type"":""MultiPoint"",""coordinates"":[]}"
20201223T06_00000000000000000000,292.7876918820217,3858.0,-5.196830081101864E-4,-7.345364920210326E-25,0.0,-922172.7995949285,96800.99348252798,295.03419516302176,8.875022135375893E-6,-2.35046811354418,-0.8618132410486415,0.2794882524357809,0.29558233718354304,0.3277852208267302,0.36805448442300864,"{""type"":""MultiPoint"",""coordinates"":[]}"
20201223T07_00000000000000000000,292.6406688008882,3858.0,-5.814932911703879E-4,-7.345364920210326E-25,0.0,-1075145.920248303,96807.60370252247,294.9530361283301,1.2380325898949053E-5,-2.0496145382165283,-0.7796287032918103,0.2794873843006674,0.29558292597420954,0.3277857012510163,0.3680527027994448,"{""type"":""MultiPoint"",""coordinates"":[]}"
20201223T08_00000000000000000000,292.65787366551706,3858.0,-6.301269555268709E-4,-7.345364920210326E-25,0.0,-1222373.23862381,96832.2314341644,294.8353957852947,1.666658780922098E-5,-2.0700995167161254,-0.7131042199518873,0.2794966255447665,0.2955850194521344,0.32778561134705625,0.3680525069372462,"{""type"":""MultiPoint"",""coordinates"":[]}"
20201223T09_00000000000000000000,292.75356124836975,3858.0,-6.981258301103664E-4,-7.345364920210326E-25,101724.71750223578,-1374425.2947288135,96879.94571670821,295.04517930696204,2.2352907842498336E-5,-2.0706073047172966,-0.6651523350678459,0.2795038507728349,0.2955854673665063,0.3277840075246276,0.3680510760996691,"{""type"":""MultiPoint"",""coordinates"":[]}"
20201223T10_00000000000000000000,292.3185190990173,3858.0,-9.078840253852809E-4,-7.345364920210326E-25,671104.2557209744,-1495495.5756220738,96924.69895325076,296.48327106686736,5.5722485832077076E-5,-3.491815000601585,-1.158043038155857,0.2796370812170796,0.29556443866972737,0.3277687997078995,0.36804742375129545,"{""type"":""MultiPoint"",""coordinates"":[]}"
20201223T11_00000000000000000000,291.82767084693523,3858.0,-0.0013905876280413706,-7.345364920210326E-25,1618209.019780103,-1637930.4683570936,96961.6332719863,297.7270112130723,1.033541602738822E-4,-3.3816105755646393,-0.766559014648232,0.2797225092441819,0.2955284947454475,0.3277440291601439,0.3680404758608894,"{""type"":""MultiPoint"",""coordinates"":[]}"
20201223T12_00000000000000000000,291.31548602437164,3858.0,-0.0020284067645956667,-7.345364920210326E-25,2960121.45268031,-1842119.5218054603,96971.61741477723,298.8395797052804,1.3883527881957796E-4,-3.330161295795535,-0.4536514647461398,0.2795336045686572,0.2954798105470549,0.3277078681017461,0.36803367326170433,"{""type"":""MultiPoint"",""coordinates"":[]}"
20201223T13_00000000000000000000,290.6231173003038,3858.0,-0.002902835145615422,-7.345364920210326E-25,4869339.545215424,-2072333.8810300385,96960.4196470257,300.25823184016417,1.605662297610513E-4,-3.2973383160441174,-0.09165367725690794,0.2791071158354984,0.2954022491164495,0.3276528404565353,0.3680215876008003,"{""type"":""MultiPoint"",""coordinates"":[]}"
20201223T14_00000000000000000000,290.1492334414309,3858.0,-0.0038244933700491263,-7.345364920210326E-25,6801016.859329788,-2341851.1739176167,96932.71668786001,301.0358442159722,1.6908178832919908E-4,-3.097311009963876,0.2747397002619954,0.2785970958882501,0.29532115253370417,0.3275968162419826,0.36800988483443986,"{""type"":""MultiPoint"",""coordinates"":[]}"
20201223T15_00000000000000000000,289.77427133755526,3858.0,-0.004769021815588663,-7.345364920210326E-25,8776088.313220054,-2652107.169551264,96863.05463797576,301.63017624457626,1.7463309211491142E-4,-2.924171578194919,0.5557272962896995,0.2780767112987597,0.29523707306600133,0.3275381731732388,0.3679988595586352,"{""type"":""MultiPoint"",""coordinates"":[]}"
20201223T16_00000000000000000000,289.5699053345979,3858.0,-0.005719274233265699,-7.345364920210326E-25,1.0719613458993107E7,-2950145.446893576,96796.67250114253,302.03996188155566,1.794456098273962E-4,-2.8411353568462827,0.7579804185225836,0.27753937901010184,0.29515148850968315,0.3274764601250764,0.3679861839029939,"{""type"":""MultiPoint"",""coordinates"":[]}"
20201223T17_00000000000000000000,289.699195201584,3858.0,-0.006497739725886089,-7.345364920210326E-25,1.2191194926035026E7,-3271512.9766426417,96734.6016944276,301.7168599418251,1.9028775240710342E-4,-2.9999307924132452,0.9421685432684127,0.27715520373624414,0.29508977546152076,0.3274289739772217,0.3679757329690047,"{""type"":""MultiPoint"",""coordinates"":[]}"
20201223T18_00000000000000000000,290.02498645933963,3858.0,-0.007144263474052874,-7.345364920210326E-25,1.3207544222683985E7,-3548191.9383712993,96714.89720638082,301.13397811206545,1.931804417936722E-4,-3.0946185252323937,1.0546606728489905,0.2768256619750585,0.29504302018469775,0.32739595153028356,0.367969284768019,"{""type"":""MultiPoint"",""coordinates"":[]}"
20201223T19_00000000000000000000,290.596216983124,3858.0,-0.00761540208298577,-7.345364920210326E-25,1.370868719006786E7,-3769137.852596137,96750.46867273394,299.9690201421345,2.032672683269439E-4,-2.7882735405748895,1.016062011911401,0.2766707181190538,0.29501898050797365,0.32737833356498575,0.36796486703191467,"{""type"":""MultiPoint"",""coordinates"":[]}"
20201223T20_00000000000000000000,291.02472539750516,3858.0,-0.007975455170103483,-7.345364920210326E-25,1.3960204107528005E7,-3973441.4230627604,96765.2581914323,299.12252733606965,2.0326979052622533E-4,-2.8731777534924343,1.0714339933024633,0.27650663897718886,0.29500584810810715,0.32736989543617173,0.3679623228301191,"{""type"":""MultiPoint"",""coordinates"":[]}"
20201223T21_00000000000000000000,291.5199007938057,3858.0,-0.008233151732785653,-7.345364920210326E-25,1.4002862525698349E7,-4169205.835078121,96821.66363774231,298.16198878730006,2.0326979052622533E-4,-2.814673521347,0.9636559260375022,0.2764016142949557,0.2950040985931005,0.3273664614259866,0.3679602293521942,"{""type"":""MultiPoint"",""coordinates"":[]}"
20201223T22_00000000000000000000,292.0219958940154,3858.0,-0.008428160965425409,-7.345364920210326E-25,1.4002862525698349E7,-4337681.709821663,96833.81568640182,297.3296944823267,2.0326979052622533E-4,-2.878814059108052,0.8233043922104433,0.27632150224084334,0.29500192644921064,0.3273666139416329,0.3679586451962567,"{""type"":""MultiPoint"",""coordinates"":[]}"
20201223T23_00000000000000000000,292.4677915683995,3858.0,-0.0085832887456104,-7.345364920210326E-25,1.4002862525698349E7,-4499389.127728971,96857.70003230375,296.69592416399973,2.1101601129005156E-4,-3.0113282144223303,0.5490031744317655,0.2763278151845323,0.29500261116419146,0.32736718988887653,0.36795781719683973,"{""type"":""MultiPoint"",""coordinates"":[]}"
20201224T00_00000000000000000000,292.7885436514035,3858.0,-0.008710607297213296,-7.345364920210326E-25,1.4002862525698349E7,-4653137.834972908,96879.08377713349,296.23811888104,2.446339449711456E-4,-2.9984351573596704,0.2382353251307356,0.27655488248563487,0.2950041740482098,0.32736705944786315,0.36795720071254273,"{""type"":""MultiPoint"",""coordinates"":[]}"
20201224T01_00000000000000000000,292.9752134645912,3858.0,-1.0361204295096234E-4,-7.345364920210326E-25,0.0,-147400.4137332973,96861.42512572165,295.8766499311193,9.16482758521093E-6,-3.004280305609872,0.07699879797763352,0.27658882845494753,0.2950041680278553,0.3273668856602977,0.36795544878939423,"{""type"":""MultiPoint"",""coordinates"":[]}"
20201224T02_00000000000000000000,293.0414033069296,3858.0,-1.9818936720129073E-4,-7.345364920210326E-25,0.0,-278706.98423444154,96850.68478623606,295.69706702715234,2.822496100426898E-5,-2.7278283663190854,-0.1839938836281087,0.27670760202134403,0.29500474999545334,0.3273680929420459,0.36795445543090793,"{""type"":""MultiPoint"",""coordinates"":[]}"
20201224T03_00000000000000000000,293.066546582857,3858.0,-2.78108738222863E-4,-7.345364920210326E-25,0.0,-400739.1486532694,96796.66509182328,295.4740669009271,8.77261027169319E-5,-2.3981019439047064,-0.40398157860154227,0.2771494494814494,0.2950056610757619,0.32736866046079316,0.36795244503387464,"{""type"":""MultiPoint"",""coordinates"":[]}"
20201224T04_00000000000000000000,293.0530450975346,3858.0,-3.4297051741004E-4,-7.345364920210326E-25,0.0,-526296.5950536587,96753.71389518613,295.26879709747374,1.6214320399570678E-4,-2.2316075722907467,-0.5662982303921004,0.2777110618596526,0.2950067868820464,0.3273684778433745,0.3679505739077078,"{""type"":""MultiPoint"",""coordinates"":[]}"
20201224T05_00000000000000000000,293.050371895597,3858.0,-4.0106043394768027E-4,-7.345364920210326E-25,0.0,-637670.7778289231,96718.58816650165,295.12390036138686,1.6946214381984598E-4,-2.096156260223364,-0.6359465664932769,0.2777505750514147,0.2950080615917644,0.32736887598948283,0.367949519141606,"{""type"":""MultiPoint"",""coordinates"":[]}"
20201224T06_00000000000000000000,293.0348989336285,3858.0,-4.516458204965098E-4,-7.345364920210326E-25,0.0,-756234.3833578827,96724.56467639504,294.99155611893775,1.8084548804527816E-4,-1.921289229946125,-0.6518165644167526,0.277823312974025,0.29500850308442506,0.3273698400489107,0.3679481525211431,"{""type"":""MultiPoint"",""coordinates"":[]}"
20201224T07_00000000000000000000,292.7420006867955,3858.0,-4.944840380560876E-4,-7.345364920210326E-25,0.0,-891828.2804592559,96731.94506549524,294.6169966202468,1.8926973627316144E-4,-1.5215986373141195,-0.8892291768044082,0.2778751149133151,0.29501158911812236,0.32737023819501915,0.3679477431370397,"{""type"":""MultiPoint"",""coordinates"":[]}"
20201224T08_00000000000000000000,292.68067200615695,3858.0,-5.300608670094116E-4,-7.345364920210326E-25,0.0,-1029382.1425114409,96782.8755521644,294.48168503819835,1.9550758250731106E-4,-1.4739226640710017,-0.9882059064679786,0.2779123676626553,0.2950119001697694,0.3273713603890908,0.3679458310724626,"{""type"":""MultiPoint"",""coordinates"":[]}"
20201224T09_00000000000000000000,292.765952901415,3858.0,-5.869019558658426E-4,-7.345364920210326E-25,124187.52201588723,-1174649.3676153398,96813.13588279729,294.76931415120185,2.0053986001151696E-4,-1.4469660842203569,-1.1700931484654473,0.2779282754459288,0.2950118347485843,0.32737116011196576,0.36794565327132756,"{""type"":""MultiPoint"",""coordinates"":[]}"
20201224T10_00000000000000000000,292.5126928305084,3858.0,-7.726111464930255E-4,-7.345364920210326E-25,702517.3688252933,-1320484.7815508442,96885.32528341838,296.15946263211873,2.0598610488834033E-4,-2.401797974916752,-2.0811080141943963,0.2778826564106713,0.29499674412808974,0.32735928717025287,0.3679399889204927,"{""type"":""MultiPoint"",""coordinates"":[]}"
20201224T11_00000000000000000000,292.0921303215631,3858.0,-0.0013264466957605343,-7.345364920210326E-25,2056581.966857804,-1502620.9253511492,96899.38786890422,298.3059303363562,2.1198752267032728E-4,-2.8545687625958656,-2.0429605510799367,0.277452009619364,0.2949477388441258,0.3273246954175849,0.36793511765101905,"{""type"":""MultiPoint"",""coordinates"":[]}"
20201224T12_00000000000000000000,291.7469575055064,3858.0,-0.0021547818423850802,-7.345364920210326E-25,3962649.5068651685,-1725514.4198274505,96890.12948882769,299.967444519046,2.845626550527143E-4,-2.815080236025251,-1.4264331227431537,0.27758925162646525,0.29487236681576,0.32726895415969176,0.3679233113345621,"{""type"":""MultiPoint"",""coordinates"":[]}"
20201224T13_00000000000000000000,291.4124990821768,3858.0,-0.0031062680501834764,-7.345364920210326E-25,6200441.235099162,-2008793.4746698935,96902.73102790125,301.0137457198649,4.2234943074215573E-4,-2.671147174816139,-0.9397783349154718,0.2779587882077699,0.29479272796150807,0.32720819353160535,0.36791149217468216,"{""type"":""MultiPoint"",""coordinates"":[]}"
20201224T14_00000000000000000000,291.36129643144596,3858.0,-0.004078330230180465,-7.345364920210326E-25,8467962.640854329,-2305850.66152875,96850.24357109622,301.64095286689854,5.573488326812724E-4,-2.538970465637268,-0.49385685278293323,0.2782592251673444,0.2947189673813533,0.32715553710333856,0.36790006594327024,"{""type"":""MultiPoint"",""coordinates"":[]}"
20201224T15_00000000000000000000,291.73457035809406,3858.0,-0.005003685369484803,-7.345364920210326E-25,1.05899477962544E7,-2597822.9906886206,96785.7823514519,302.05938304576216,6.54470742201493E-4,-2.6180120172439905,-0.07783380910080825,0.27847070577074506,0.2946460789498814,0.327102319578036,0.36788999669975403,"{""type"":""MultiPoint"",""coordinates"":[]}"
20201224T16_00000000000000000000,291.9478663247301,3858.0,-0.005981661891028245,-7.345364920210326E-25,1.283358109269294E7,-2900330.9052554048,96724.8468182423,302.61964414015495,7.076911158058784E-4,-2.6616462628452213,0.32981542000998065,0.2782988318752795,0.2945618469665325,0.32703917810043814,0.36787647819448804,"{""type"":""MultiPoint"",""coordinates"":[]}"
20201224T17_00000000000000000000,291.8995480828148,3858.0,-0.00679374104174141,-7.345364920210326E-25,1.4648474040454512E7,-3216130.363038559,96617.39751934938,302.1527701588631,8.422362353587655E-4,-2.6470837414223904,0.4293046046535008,0.27886155280141767,0.29449043271919,0.32698633504118324,0.36786293119287755,"{""type"":""MultiPoint"",""coordinates"":[]}"
20201224T18_00000000000000000000,292.0459723441741,3858.0,-0.007454306168250551,-7.345364920210326E-25,1.6052280869693303E7,-3527814.366405387,96621.9041623787,301.1252905992989,0.0017778663782952286,-2.6884314973373518,0.19031633295499387,0.2896762221582849,0.29444614217548376,0.32695348838859534,0.36785710710197095,"{""type"":""MultiPoint"",""coordinates"":[]}"
20201224T19_00000000000000000000,292.15172831966635,3858.0,-0.007917511240694371,-7.345364920210326E-25,1.680501371466147E7,-3802388.273238991,96636.32186953389,299.9481552864928,0.002163151300683959,-3.0588785585207483,0.1638233538610617,0.2934502282494579,0.29443948085394994,0.3269462595483143,0.36785356833761834,"{""type"":""MultiPoint"",""coordinates"":[]}"
20201224T20_00000000000000000000,292.8645893534201,3858.0,-0.008227237811997698,-7.345364920210326E-25,1.7112353544899773E7,-4013037.056657373,96676.0040262589,298.6943913897809,0.0023726058188539333,-3.007551366723853,0.0394773986477661,0.2954766530718178,0.2944401992829157,0.32694326301722,0.36785229884554077,"{""type"":""MultiPoint"",""coordinates"":[]}"
20201224T21_00000000000000000000,293.19025220664776,3858.0,-0.00843566248954844,-7.345364920210326E-25,1.715523977542216E7,-4169158.2608238193,96703.40536061864,297.84221056726915,0.002443207109826615,-2.984952824791413,0.007401122757897944,0.2959799250044284,0.29444890672225255,0.32694413998218663,0.36785032376792026,"{""type"":""MultiPoint"",""coordinates"":[]}"
20201224T22_00000000000000000000,293.3534024840772,3858.0,-0.008602172208229616,-7.345364920210326E-25,1.715523977542216E7,-4275108.826766268,96722.39331780338,297.20905876651324,0.002549782225389336,-3.0359992561538998,-0.04966686794022733,0.2967670120993007,0.2944589695440573,0.3269452368907696,0.36784881627116284,"{""type"":""MultiPoint"",""coordinates"":[]}"
20201224T23_00000000000000000000,293.45594775155575,3858.0,-0.00873786459745366,-7.345364920210326E-25,1.715523977542216E7,-4379410.64574675,96784.42442888889,296.64694798403474,0.00264138896265742,-2.9671707189442422,-0.08593250150036862,0.297458424925133,0.2944675180460364,0.32694663240893385,0.3678484068870594,"{""type"":""MultiPoint"",""coordinates"":[]}"
20201225T00_00000000000000000000,293.48340718467364,3858.0,-0.008850897677088722,-7.345364920210326E-25,1.715523977542216E7,-4471895.666526382,96835.35160955823,296.21805881032856,0.0027559807794781312,-2.7609294863964804,-0.2548012383024673,0.2984866813993998,0.2944768447791692,0.32694639681239585,0.36784695036263654,"{""type"":""MultiPoint"",""coordinates"":[]}"
20201225T01_00000000000000000000,293.5008489799509,3858.0,-8.967638865690993E-5,-7.345364920210326E-25,0.0,-99011.44850465567,96860.02427797353,295.8461424832442,1.8449197585762927E-4,-2.5164551570618805,-0.3950536610408022,0.30029702325805163,0.29448778777679635,0.3269471959141115,0.36784695036263654,"{""type"":""MultiPoint"",""coordinates"":[]}"
20201225T02_00000000000000000000,293.591737915662,3858.0,-1.7011489394225764E-4,-7.345364920210326E-25,0.0,-166266.2845823031,96831.25069868218,295.5790367666289,4.019654492684814E-4,-2.4865704362901258,-0.5561566655617899,0.30256729370804314,0.29450078853157835,0.3269473973953075,0.3678456901017692,"{""type"":""MultiPoint"",""coordinates"":[]}"
20201225T03_00000000000000000000,293.61360006870706,3858.0,-2.4044378210121535E-4,-7.345364920210326E-25,0.0,-237415.122093482,96765.77884612222,295.35274205038985,5.807973888541353E-4,-2.357799275067285,-0.6718237266478315,0.3044581353316346,0.2945168468237137,0.32694768396417984,0.36784388239000276,"{""type"":""MultiPoint"",""coordinates"":[]}"
20201225T04_00000000000000000000,293.5997675754664,3858.0,-3.0614196303897746E-4,-7.345364920210326E-25,0.0,-298587.739235362,96716.8491491695,295.25643422332826,8.307365604868702E-4,-2.252326087363672,-0.7536120087878807,0.30737366215522594,0.2945328469190888,0.3269478541395327,0.3678431021520644,"{""type"":""MultiPoint"",""coordinates"":[]}"
20201225T05_00000000000000000000,293.59696116636337,3858.0,-3.661208345273398E-4,-7.345364920210326E-25,0.0,-368101.949589668,96688.87808406544,295.13093645881577,0.0011106184753556258,-2.1621112508421105,-0.7393521345974274,0.31076518790300084,0.2945540498047901,0.32694903934664776,0.3678425386468868,"{""type"":""MultiPoint"",""coordinates"":[]}"
20201225T06_00000000000000000000,293.55577670333196,3858.0,-4.213939313729511E-4,-7.345364920210326E-25,0.0,-438917.36272292054,96689.35007718382,295.0414835895603,0.0014306846268236355,-2.2160189830935146,-0.7529198807439381,0.3146832638859493,0.29458339542057993,0.3269494150167663,0.36784228980556904,"{""type"":""MultiPoint"",""coordinates"":[]}"
20201225T07_00000000000000000000,293.4834384279051,3858.0,-4.7679661870005856E-4,-7.345364920210326E-25,0.0,-514296.69513125333,96710.70597110246,295.10034708435154,0.0015826023515946475,-2.0491680567892545,-0.9099640393471612,0.31622858452354186,0.29461935860999416,0.32695027351931255,0.3678394875312455,"{""type"":""MultiPoint"",""coordinates"":[]}"
20201225T08_00000000000000000000,293.43137012565757,3858.0,-5.270398916494678E-4,-7.345364920210326E-25,0.0,-585283.6913041188,96761.95857842012,294.99147891150415,0.0017074670400345853,-1.99560641399582,-0.9326872315146667,0.31745881666558434,0.2946613778746404,0.32694994601202987,0.3678384688872705,"{""type"":""MultiPoint"",""coordinates"":[]}"
20201225T09_00000000000000000000,293.4670577835164,3858.0,-5.876021000627051E-4,-7.345364920210326E-25,64470.570308801056,-659688.6907780523,96803.5914638707,295.07438037805485,0.0017904085984239858,-2.1616129003485947,-1.05313975035006,0.3182345714465742,0.2947080316081516,0.32695073387575047,0.3678370629338252,"{""type"":""MultiPoint"",""coordinates"":[]}"
20201225T10_00000000000000000000,293.3067985870603,3858.0,-7.530123221139877E-4,-7.345364920210326E-25,502448.9551265186,-753552.9953180072,96859.89272700594,295.95600682969547,0.00187425966775353,-3.218089070937968,-1.7281508164037327,0.3188549392734711,0.2947534266862231,0.3269488210084594,0.36783559757954903,"{""type"":""MultiPoint"",""coordinates"":[]}"
20201225T11_00000000000000000000,293.1780275534189,3858.0,-0.0011125154196714336,-7.345364920210326E-25,1343032.735125467,-862646.7727392283,96878.28808968778,296.9987372442975,0.0019548437905584034,-3.310768504315596,-1.6547111869642233,0.31906435328986316,0.2947884824075417,0.32693969736195067,0.3678343581892438,"{""type"":""MultiPoint"",""coordinates"":[]}"
20201225T12_00000000000000000000,293.2026784879691,3858.0,-0.0016215008607219368,-7.345364920210326E-25,2528687.019727498,-975932.7245515283,96885.12712214442,298.04079184119996,0.0020089687761178803,-3.055180180122326,-1.3529951918463172,0.31876570598099185,0.29480552402423893,0.3269151844853661,0.3678285613906108,"{""type"":""MultiPoint"",""coordinates"":[]}"
20201225T13_00000000000000000000,293.37265278661033,3858.0,-0.0022773134557268564,-7.345364920210326E-25,4131664.883949706,-1133161.2328896832,96897.73046628406,299.19640877122805,0.002036339452253551,-3.14294808140069,-1.2149536439449224,0.3180236599673488,0.2948005391707443,0.3268761428880367,0.36782047404778356,"{""type"":""MultiPoint"",""coordinates"":[]}"
20201225T14_00000000000000000000,293.4667613388542,3858.0,-0.0030746104742386472,-7.345364920210326E-25,6110687.082171601,-1340512.249592298,96846.85363491472,300.1310365267394,0.0020679675560054335,-3.2624224307027965,-1.126118064911275,0.31720270235827336,0.29477611218455013,0.32682289164874917,0.3678091337067617,"{""type"":""MultiPoint"",""coordinates"":[]}"
20201225T15_00000000000000000000,293.3959033634341,3858.0,-0.0038281093162475972,-7.345364920210326E-25,7855730.294386862,-1556632.6900152557,96790.48812096406,300.40425150560867,0.002092456283364778,-3.3905596711269466,-0.9907149927401272,0.31644739912274794,0.2947562088926986,0.32677499732086196,0.36779936668503943,"{""type"":""MultiPoint"",""coordinates"":[]}"
20201225T16_00000000000000000000,293.2916951416054,3858.0,-0.004597456401753032,-7.345364920210326E-25,9590514.2559314,-1784272.1702088478,96696.15681983694,300.66779139999005,0.002117070520612499,-3.552690837401956,-0.8402510687204805,0.31573613598418315,0.29473451314064536,0.32672865544171203,0.3677878064004015,"{""type"":""MultiPoint"",""coordinates"":[]}"
20201225T17_00000000000000000000,293.1466179241216,3858.0,-0.00529387425730252,-7.345364920210326E-25,1.1133918902625069E7,-2042970.4251933282,96610.47516986195,300.4305491837015,0.0022251207547136715,-3.8925645623454703,-0.9598084274726263,0.31576354625669173,0.2947179535536619,0.32668670681589157,0.36777970781957936,"{""type"":""MultiPoint"",""coordinates"":[]}"
20201225T18_00000000000000000000,292.7372593871421,3858.0,-0.0059995655744705025,-7.345364920210326E-25,1.252229038302909E7,-2287595.8333684043,96553.73021886835,300.4056801670284,0.0023293169087890628,-3.964330374307173,-0.9285108144959705,0.3158828825255522,0.29471116580468437,0.32665359887991985,0.36777300034199467,"{""type"":""MultiPoint"",""coordinates"":[]}"
20201225T19_00000000000000000000,290.25326804747505,3858.0,-0.006708587901632952,-7.345364920210326E-25,1.3474206796096586E7,-2533344.6853595674,96540.65412086873,300.843957011895,0.00237369106957473,-3.9167746472091527,-0.8162370411147761,0.31562873888093496,0.2947101146507954,0.32662354848130115,0.36776486684311643,"{""type"":""MultiPoint"",""coordinates"":[]}"
20201225T20_00000000000000000000,290.7085272952403,3858.0,-0.007186945750615638,-7.345364920210326E-25,1.3862816315219108E7,-2766766.64558893,96579.54777609452,299.8011226129278,0.0023765851837001316,-3.7841777015857416,-0.6865186838281169,0.31520538715380797,0.2947300339969255,0.3266123670776373,0.36776169331360103,"{""type"":""MultiPoint"",""coordinates"":[]}"
20201225T21_00000000000000000000,291.0665820130444,3858.0,-0.007512988205463141,-7.345364920210326E-25,1.3939137495607339E7,-3015257.3813982834,96605.41936385396,298.7175221350613,0.002378795404764204,-3.5409163959123284,-0.4950147981275932,0.3149147003589634,0.2947657547667335,0.3266072252935697,0.36776032147549753,"{""type"":""MultiPoint"",""coordinates"":[]}"
20201225T22_00000000000000000000,291.32172994750607,3858.0,-0.007762704415561283,-7.345364920210326E-25,1.3939137495607339E7,-3236553.3764532595,96661.41804930393,297.8145712074296,0.002378795404764204,-3.574911201537655,-0.5963159802272422,0.3146648865532753,0.29479995559771854,0.32660714582489087,0.36775948384351337,"{""type"":""MultiPoint"",""coordinates"":[]}"
20201225T23_00000000000000000000,291.5311742759815,3858.0,-0.007986321207924712,-7.345364920210326E-25,1.3939137495607339E7,-3427872.1372507755,96729.34694195018,297.13818419979896,0.002378794002539752,-3.493548696524867,-0.8036142449883419,0.31443164919156297,0.2948366364133848,0.32660732362602596,0.36775804939372364,"{""type"":""MultiPoint"",""coordinates"":[]}"
20201226T00_00000000000000000000,291.6914498405769,3858.0,-0.008180788315092221,-7.345364920210326E-25,1.3939137495607339E7,-3609302.0648114057,96756.66097905104,296.57243162543756,0.0023787954047073605,-3.3571347594794214,-0.9913586103732417,0.3142197022113703,0.29487067027987257,0.3266082463456865,0.3677570640623767,"{""type"":""MultiPoint"",""coordinates"":[]}"
20201226T01_00000000000000000000,291.831552057077,3858.0,-1.6383744156085788E-4,-7.345364920210326E-25,0.0,-187475.3284052949,96764.5476419065,296.0777844181127,0.0,-3.185268740242851,-1.1255363477600244,0.3140268770810198,0.2949044215910576,0.32660789395427203,0.3677543882154967,"{""type"":""MultiPoint"",""coordinates"":[]}"
20201226T02_00000000000000000000,291.8943530025559,3858.0,-3.057038008279341E-4,-7.345364920210326E-25,0.0,-364256.5857488558,96734.58499345699,295.66686185244487,0.0,-2.9496108235775527,-1.257961769471245,0.31384492109861506,0.29493868663915673,0.32660764631702516,0.3677532752526352,"{""type"":""MultiPoint"",""coordinates"":[]}"
20201226T03_00000000000000000000,291.87137765386206,3858.0,-4.302454798092025E-4,-7.345364920210326E-25,0.0,-536076.3188949972,96718.96156939639,295.3520019762431,1.6271301369168115E-7,-2.670749701030802,-1.2677771643402256,0.31367828972781486,0.2949702449358898,0.3266084703028725,0.36775206596410226,"{""type"":""MultiPoint"",""coordinates"":[]}"
20201226T04_00000000000000000000,291.8296473389377,3858.0,-5.33719584671136E-4,-7.345364920210326E-25,0.0,-713682.6914619389,96678.69765740071,295.05837572085636,5.139181910424576E-7,-2.3835982862969516,-1.1595529141572325,0.31352146992936003,0.2950020219721683,0.3266089214281001,0.36775045692403296,"{""type"":""MultiPoint"",""coordinates"":[]}"
20201226T05_00000000000000000000,291.7888149486435,3858.0,-6.246924981591676E-4,-7.345364920210326E-25,0.0,-874588.693934452,96690.68436825974,294.90702623560657,1.0371367714633201E-6,-2.2979440672530935,-1.141033457771544,0.31337446932903285,0.29503518007776014,0.32660974019630695,0.3677494447017695,"{""type"":""MultiPoint"",""coordinates"":[]}"
20201226T06_00000000000000000000,291.75894181414424,3858.0,-7.075125428860361E-4,-7.345364920210326E-25,0.0,-1030541.2938608025,96678.95339789704,294.7877531186591,1.6194796617381402E-6,-2.2462021484888735,-1.083442563968979,0.3132362648679314,0.2950661210874823,0.3266100974040051,0.3677480837003041,"{""type"":""MultiPoint"",""coordinates"":[]}"
20201226T07_00000000000000000000,291.83456230334156,3858.0,-7.721815698032621E-4,-7.345364920210326E-25,0.0,-1201934.1068704303,96715.53289478007,294.406835542083,7.0818985579008675E-6,-1.9540456494613256,-1.039172088913629,0.31314715760153905,0.2950967293722812,0.3266107564321402,0.36774651439457434,"{""type"":""MultiPoint"",""coordinates"":[]}"
20201226T08_00000000000000000000,291.8424374029871,3858.0,-8.185788474828465E-4,-7.345364920210326E-25,0.0,-1388739.2503024878,96754.83840631407,294.2058261428039,1.1758562425328135E-5,-2.0162906079811806,-0.9716537999758129,0.31306536626988873,0.2951293360134044,0.32661145479325776,0.36774630047131246,"{""type"":""MultiPoint"",""coordinates"":[]}"
20201226T09_00000000000000000000,292.0100606047088,3858.0,-8.952674769059905E-4,-7.345364920210326E-25,149289.34220632326,-1562825.504129622,96806.74457206124,294.6729647210823,1.9312420713637502E-5,-2.1281650408156265,-0.8969396358098464,0.3129740908731759,0.29515535518267544,0.32660743279512017,0.36774513212118976,"{""type"":""MultiPoint"",""coordinates"":[]}"
20201226T10_00000000000000000000,291.8302602872799,3858.0,-0.0011269915604001561,-7.345364920210326E-25,843756.3332105844,-1733171.9091219937,96889.33670235149,296.4466702312086,4.634037210160047E-5,-3.9668151832992744,-1.3345910340784293,0.3128563030394833,0.2951613723262818,0.3265925970362979,0.3677398209644834,"{""type"":""MultiPoint"",""coordinates"":[]}"
20201226T11_00000000000000000000,291.3203645559982,3858.0,-0.0017123752203019153,-7.345364920210326E-25,2014634.1582934395,-1919274.377636909,96927.19578965881,297.85525852323553,9.856776309995437E-5,-4.411282488947206,-1.1265999918778193,0.3126593824626707,0.2951493047264412,0.3265637723818474,0.36773219237266613,"{""type"":""MultiPoint"",""coordinates"":[]}"
20201226T12_00000000000000000000,290.63289573099905,3858.0,-0.0025811097868093775,-7.345364920210326E-25,3798407.453837654,-2148035.5797253926,96944.61441701955,299.2216756739303,1.4187243182440032E-4,-4.516233461973912,-0.9415416638261295,0.3120485986387205,0.29511657205923103,0.3265198069372823,0.367723477307547,"{""type"":""MultiPoint"",""coordinates"":[]}"
20201226T13_00000000000000000000,289.9672870618927,3858.0,-0.0036800482949576425,-7.345364920210326E-25,6095922.750854857,-2435701.261402493,96936.79393950725,300.54103754149827,1.6306740993126187E-4,-4.68918513333605,-0.7811726159691725,0.3110813725044202,0.2950645995432312,0.3264653913614418,0.36771188491435186,"{""type"":""MultiPoint"",""coordinates"":[]}"
20201226T14_00000000000000000000,289.39013039737773,3858.0,-0.004953799895980228,-7.345364920210326E-25,8771904.082487244,-2761003.284786153,96879.30191188214,301.594397444973,1.7188989683092842E-4,-4.8068221001567615,-0.593424836641936,0.3099398856047887,0.29499428300718566,0.32639838882984884,0.3676996680097204,"{""type"":""MultiPoint"",""coordinates"":[]}"
20201226T15_00000000000000000000,288.9390649782989,3858.0,-0.006274563898226344,-7.345364920210326E-25,1.151150080745962E7,-3119281.3818980483,96807.71553606183,302.3303821015264,1.7415432042356904E-4,-4.868518655758814,-0.3678537268736191,0.30870303187555154,0.29492021217809744,0.3263296395927484,0.3676849301819974,"{""type"":""MultiPoint"",""coordinates"":[]}"
20201226T16_00000000000000000000,288.63929737698527,3858.0,-0.007619141960297369,-7.345364920210326E-25,1.43025227915198E7,-3518162.3645904553,96713.52110081897,302.8191303239327,1.7415432042356904E-4,-4.8921259409926385,-0.13850193323695967,0.3074408055631131,0.2948430268189677,0.32625746918888543,0.3676705969220943,"{""type"":""MultiPoint"",""coordinates"":[]}"
20201226T17_00000000000000000000,288.4502656037505,3858.0,-0.00878397148660855,-7.345364920210326E-25,1.6574718876847807E7,-3924608.3735335898,96650.4153131411,302.6655042151536,1.7415432042356904E-4,-4.8254941099163755,-0.0011309508779660962,0.3063446635719325,0.2947805688522798,0.3262006751716755,0.3676575207122027,"{""type"":""MultiPoint"",""coordinates"":[]}"
20201226T18_00000000000000000000,288.6008042403691,3858.0,-0.009738415503960941,-7.345364920210326E-25,1.821515965453206E7,-4310285.842495658,96621.82101323713,302.0220332298458,1.745889374944062E-4,-4.73870580700209,0.12352724309609513,0.3054766584981641,0.29474056359687956,0.3261556172334536,0.36764965732656146,"{""type"":""MultiPoint"",""coordinates"":[]}"
20201226T19_00000000000000000000,288.59311010535396,3858.0,-0.01051079613652972,-7.345364920210326E-25,1.9307277060287226E7,-4667933.577778947,96706.49411298597,300.9638180140475,1.7577356085029806E-4,-4.279023193699726,0.04562064550169907,0.30483494409977263,0.2947133664449189,0.3261248797117123,0.3676404726737941,"{""type"":""MultiPoint"",""coordinates"":[]}"
20201226T20_00000000000000000000,289.3168498032271,3858.0,-0.01106531493860797,-7.345364920210326E-25,1.9904806686148662E7,-5013487.081066861,96701.83831240304,299.78756137679125,1.7795312656302266E-4,-4.164527005666157,0.13559070173559853,0.3044073757163804,0.29470336743887143,0.3261049579574405,0.36763839926371733,"{""type"":""MultiPoint"",""coordinates"":[]}"
20201226T21_00000000000000000000,290.113466251479,3858.0,-0.011415711666035859,-7.345364920210326E-25,1.9999958638434432E7,-5332980.4012309965,96791.24171075209,298.48942369333315,1.781665574343782E-4,-3.7441531971055437,0.16267454821718907,0.3041597256260861,0.29471543945363865,0.3261041993927783,0.36763714582591844,"{""type"":""MultiPoint"",""coordinates"":[]}"
20201226T22_00000000000000000000,290.8128032580976,3858.0,-0.011660707485130846,-7.345364920210326E-25,1.9999958638434432E7,-5621999.373033824,96819.79859745715,297.3839222030402,1.788734270060534E-4,-3.6669292571361645,0.08104324962923605,0.3039875194070541,0.2947322286168055,0.326103094457056,0.36763536821592435,"{""type"":""MultiPoint"",""coordinates"":[]}"
20201226T23_00000000000000000000,291.3887160499528,3858.0,-0.01185298921656298,-7.345364920210326E-25,1.9999958638434432E7,-5893333.847493293,96857.55151075638,296.5389287333428,1.803530298462887E-4,-3.434591748172739,-0.12583660932660592,0.3038556551819151,0.29474920280553263,0.32610348417466817,0.36763335581210616,"{""type"":""MultiPoint"",""coordinates"":[]}"
20201227T00_00000000000000000000,291.7866374089105,3858.0,-0.011997498711994892,-7.345364920210326E-25,1.9999958638434432E7,-6147120.7518543815,96891.352365368,295.91075371880646,1.820695967385808E-4,-3.244487214398237,-0.3329356348717116,0.3037463584561559,0.29476436286078206,0.3261034404267591,0.3676322344207484,"{""type"":""MultiPoint"",""coordinates"":[]}"
20201227T01_00000000000000000000,292.0179950016353,3858.0,-1.0540968353356275E-4,-7.345364920210326E-25,0.0,-256164.87534523106,96880.72815200203,295.3770584506999,1.2870138175258367E-6,-2.9605439678912364,-0.4407847535573198,0.3036528699771427,0.2947821377566527,0.3261048275164271,0.3676308324808726,"{""type"":""MultiPoint"",""coordinates"":[]}"
20201227T02_00000000000000000000,292.12431136456433,3858.0,-1.8731632660252278E-4,-7.345364920210326E-25,0.0,-488719.9255023933,96860.62691377276,295.00830231122256,4.1517318768807055E-6,-2.643249352781393,-0.4877260625440784,0.3035834356237043,0.2947983124423073,0.3261055355101119,0.3676308144198091,"{""type"":""MultiPoint"",""coordinates"":[]}"
20201227T03_00000000000000000000,292.17959954422673,3858.0,-2.489135377165884E-4,-7.345364920210326E-25,0.0,-705855.451194171,96836.76230810896,294.70754317599125,1.0358248358868027E-5,-2.3695882704628093,-0.4774176375694983,0.30355037344242664,0.2948145413111519,0.32610556561188425,0.367629540914162,"{""type"":""MultiPoint"",""coordinates"":[]}"
20201227T04_00000000000000000000,292.2175707714981,3858.0,-2.9716218854873154E-4,-7.345364920210326E-25,0.0,-898243.1516715765,96807.73011550447,294.46899554697967,3.9790812412400235E-5,-2.1895015270444462,-0.3801132202951151,0.3037053891413277,0.294830937144494,0.32610641608729124,0.3676284030671686,"{""type"":""MultiPoint"",""coordinates"":[]}"
20201227T05_00000000000000000000,292.26805347051504,3858.0,-3.3379286046318857E-4,-7.345364920210326E-25,0.0,-1079195.534891367,96790.28274004252,294.20591079059295,1.0980911946032041E-4,-1.99381191926537,-0.2660069786471931,0.30424108991392645,0.29484786236767163,0.3261066247929126,0.36762737960691005,"{""type"":""MultiPoint"",""coordinates"":[]}"
20201227T06_00000000000000000000,292.3303222086322,3858.0,-3.5665973274684844E-4,-7.345364920210326E-25,0.0,-1267368.136803619,96804.83581913504,293.96659825146565,1.3618279471691643E-4,-1.9631073802366215,-0.2665143717131112,0.3043869510618325,0.29486728362980913,0.32610775100055395,0.36762552774587753,"{""type"":""MultiPoint"",""coordinates"":[]}"
20201227T07_00000000000000000000,292.2829116491372,3858.0,-3.9217055797909257E-4,-7.345364920210326E-25,0.0,-1395091.4849150397,96835.72897151511,294.24044736711375,2.3046582764782518E-4,-2.548915940298324,-0.348949860420249,0.30509071926044895,0.29488538563160555,0.3261076815657992,0.36762490965615274,"{""type"":""MultiPoint"",""coordinates"":[]}"
20201227T08_00000000000000000000,292.4874845901402,3858.0,-4.3447211257781397E-4,-7.345364920210326E-25,0.0,-1509642.150402441,96906.33722780163,294.08193706436384,3.1843214280175475E-4,-2.352861595364521,-0.4534843870663959,0.3057623608408711,0.2949051404213801,0.3261080267327883,0.367622521983573,"{""type"":""MultiPoint"",""coordinates"":[]}"
20201227T09_00000000000000000000,292.6162993700853,3858.0,-5.087433093315584E-4,-7.345364920210326E-25,95560.72570887471,-1579638.0895891418,96948.56865333524,294.42741056421494,4.0836236852417803E-4,-3.199027893525559,-0.6271648448121511,0.30648395932261924,0.29492326048424006,0.3261069803951829,0.3676206889863178,"{""type"":""MultiPoint"",""coordinates"":[]}"
20201227T10_00000000000000000000,292.5774186623141,3858.0,-7.4001492105326E-4,-7.345364920210326E-25,652997.1768635908,-1665224.7927034562,97033.16531992247,295.5227919662887,4.780281616100392E-4,-3.928802678069435,-0.6513900239085455,0.3068887001273192,0.2949334256520707,0.32610151511740226,0.36761989309545795,"{""type"":""MultiPoint"",""coordinates"":[]}"
20201227T11_00000000000000000000,292.2168571443671,3858.0,-0.0012174361473152899,-7.345364920210326E-25,1755891.5694670936,-1804524.232652954,97103.76422784111,297.06844644778784,6.055280300018557E-4,-4.299341506311824,-0.3981830886502877,0.3071693718618379,0.2949239957701984,0.3260830338332744,0.36761340435741885,"{""type"":""MultiPoint"",""coordinates"":[]}"
20201227T12_00000000000000000000,292.00544977898,3858.0,-0.0019257947776282981,-7.345364920210326E-25,3416985.6248619067,-1998197.194065969,97137.0462293354,298.3994100698009,8.203558999216195E-4,-4.519021260957237,-0.27780437293888754,0.3077113418302166,0.2948987279411643,0.326050755100791,0.36760622087047473,"{""type"":""MultiPoint"",""coordinates"":[]}"
20201227T13_00000000000000000000,291.7622794681549,3858.0,-0.0028441679705649846,-7.345364920210326E-25,5514248.131516647,-2188837.5388763207,97147.29131575006,299.5669578437056,0.001077387759814255,-4.651893057435119,-0.1339036723892507,0.3081699363110072,0.29486524072286163,0.32601465866086454,0.3675976739739235,"{""type"":""MultiPoint"",""coordinates"":[]}"
20201227T14_00000000000000000000,291.6015639256198,3858.0,-0.003908078268964448,-7.345364920210326E-25,7903321.023672999,-2411505.15624178,97100.32345883029,300.48201991519767,0.0012892222808831354,-4.705842651418561,-0.03604545394590012,0.30838569056336174,0.29483064415390997,0.3259761621062925,0.3675895854270253,"{""type"":""MultiPoint"",""coordinates"":[]}"
20201227T15_00000000000000000000,291.46745198187745,3858.0,-0.004884891053050748,-7.345364920210326E-25,9954377.361460354,-2660290.3114577285,97043.28228404961,300.68631950963174,0.0014144679321404948,-4.633446344591039,0.25826440707105414,0.3085586874556131,0.29479873306440557,0.32594224664010923,0.36758275192335405,"{""type"":""MultiPoint"",""coordinates"":[]}"
20201227T16_00000000000000000000,291.4927753996539,3858.0,-0.0057708304823213125,-7.345364920210326E-25,1.1739653010626547E7,-2899978.162449366,96980.08098240475,300.5567810895022,0.001567440239643702,-4.629249353211645,0.523837351072806,0.30910585499667703,0.2947654517422257,0.3259061959548766,0.36757333448354723,"{""type"":""MultiPoint"",""coordinates"":[]}"
20201227T17_00000000000000000000,291.6346844425267,3858.0,-0.006455301804575526,-7.345364920210326E-25,1.2914725397864167E7,-3152759.146272816,96927.4437028595,299.92027005216625,0.001611341361268218,-4.543393538183702,0.8810392190420595,0.3089718575592737,0.294748717564963,0.32588316890177316,0.3675679558988709,"{""type"":""MultiPoint"",""coordinates"":[]}"
20201227T18_00000000000000000000,291.75835344008647,3858.0,-0.007083746586836668,-7.345364920210326E-25,1.3916850112630859E7,-3385761.1680782777,96888.38072344018,299.5304209923742,0.0016322971067154947,-4.456624961964201,1.1544496892559521,0.30865338442044526,0.2947338874251381,0.3258583983540178,0.36756269049685847,"{""type"":""MultiPoint"",""coordinates"":[]}"
20201227T19_00000000000000000000,291.84845767155883,3858.0,-0.007556246953502786,-7.345364920210326E-25,1.4528002837655837E7,-3611560.5260139923,96907.53422207077,298.56822893478926,0.0016572167883714287,-4.501044811646321,1.0871245959009654,0.3084732975574225,0.29472994609975045,0.32584446604972167,0.36755770082708034,"{""type"":""MultiPoint"",""coordinates"":[]}"
20201227T20_00000000000000000000,291.85462283400824,3858.0,-0.007955427042517912,-7.345364920210326E-25,1.490636254074386E7,-3817000.9694881374,96935.7523851777,297.98612266234284,0.0016729200332376893,-4.1471489996566175,1.1069482890338846,0.30829531862117543,0.2947338846156395,0.32583226158715634,0.3675546525209377,"{""type"":""MultiPoint"",""coordinates"":[]}"
20201227T21_00000000000000000000,292.1199180847452,3858.0,-0.0082100593100386,-7.345364920210326E-25,1.4960486617496977E7,-4010395.366510598,97012.58720622463,297.16084895439246,0.0016963867846537452,-3.528841907180737,1.0299968752594368,0.3082946904975264,0.29475021141558355,0.32583179641443477,0.36755288534622466,"{""type"":""MultiPoint"",""coordinates"":[]}"
20201227T22_00000000000000000000,292.38762439593535,3858.0,-0.008385364034817851,-7.345364920210326E-25,1.4960486617496977E7,-4186289.9493397865,97033.66498352747,296.46820776272773,0.001725869836199375,-3.326591545079695,0.9993538570288661,0.3083899011992725,0.29476748702339084,0.325831950936866,0.36755224999815045,"{""type"":""MultiPoint"",""coordinates"":[]}"
20201227T23_00000000000000000000,292.6342899600048,3858.0,-0.008512903442497072,-7.345364920210326E-25,1.4960486617496977E7,-4370017.591404067,97096.73786738355,295.8764294215898,0.001760854032100903,-3.2311940614350227,0.8838449313894076,0.30854695177798175,0.29478385155088954,0.325831950936866,0.36755062530515964,"{""type"":""MultiPoint"",""coordinates"":[]}"
20201228T00_00000000000000000000,292.795470333305,3858.0,-0.0086120223786508,-7.345364920210326E-25,1.4960486617496977E7,-4536670.745015519,97127.65228847186,295.38323576944896,0.0017984847758239408,-3.0529648486176577,0.7471704614978324,0.3087391780837418,0.294803721128756,0.32583409177491274,0.3675500381199211,"{""type"":""MultiPoint"",""coordinates"":[]}"
20201228T01_00000000000000000000,292.8154242162017,3858.0,-1.0767896350080622E-4,-7.345364920210326E-25,0.0,-60897.62636448522,97123.06831961172,295.21734799430163,8.64944715060486E-5,-3.28797062684149,0.8014703132821643,0.30932412696126765,0.2948197858426023,0.32583464243666754,0.367549054795359,"{""type"":""MultiPoint"",""coordinates"":[]}"
20201228T02_00000000000000000000,292.8557783977004,3858.0,-1.9282827704883836E-4,-7.345364920210326E-25,0.0,-178688.119811668,97062.24485893192,294.9359600302534,1.6464972203716284E-4,-2.7688263909131536,0.6595757096273681,0.30985277789879123,0.29484277717493595,0.3258350405827759,0.3675468637876918,"{""type"":""MultiPoint"",""coordinates"":[]}"
20201228T03_00000000000000000000,292.83516481158625,3858.0,-2.68187966701189E-4,-7.345364920210326E-25,0.0,-279271.2326332262,96994.28560813298,294.8435800453934,2.1762743998322636E-4,-2.7872900538645444,0.7526326985981046,0.3101956423030445,0.2948632311285423,0.3258347897346733,0.3675468637876918,"{""type"":""MultiPoint"",""coordinates"":[]}"
20201228T04_00000000000000000000,292.8140127609552,3858.0,-3.4003562175234837E-4,-7.345364920210326E-25,0.0,-367892.4024672522,96933.34688811055,294.728175325668,3.0422854138340016E-4,-2.747257396218979,0.8060307558685703,0.31081012623684723,0.2948822514350726,0.3258344959413756,0.36754571711084527,"{""type"":""MultiPoint"",""coordinates"":[]}"
20201228T05_00000000000000000000,292.7679423267445,3858.0,-4.08916979960737E-4,-7.345364920210326E-25,0.0,-453255.053500973,96911.21427987232,294.6453869285987,3.666690994089158E-4,-2.4980712951631263,0.7619137629271624,0.3112375882606439,0.2949008623574997,0.3258364794474923,0.36754452748880356,"{""type"":""MultiPoint"",""coordinates"":[]}"
20201228T06_00000000000000000000,292.70016533996454,3858.0,-4.799018622666019E-4,-7.345364920210326E-25,0.0,-517441.9098190332,96918.92334161617,294.6429410608646,4.172375893782851E-4,-2.5721766899157443,0.8603597750661997,0.311564753185888,0.2949239761037073,0.32583754304344725,0.36754352610317803,"{""type"":""MultiPoint"",""coordinates"":[]}"
20201228T07_00000000000000000000,292.87352456524235,3858.0,-5.232542188811372E-4,-7.345364920210326E-25,0.0,-628185.8426271763,96929.61788207231,294.16151624245384,4.8758910619182185E-4,-1.9970158571898193,0.7976553639643658,0.3120528297438365,0.2949452347780265,0.3258391769676482,0.36754232885535404,"{""type"":""MultiPoint"",""coordinates"":[]}"
20201228T08_00000000000000000000,292.84997620563246,3858.0,-5.648759381805515E-4,-7.345364920210326E-25,0.0,-717811.568309748,96978.03796187002,294.14974015138705,5.543789905164499E-4,-1.9750384055268122,0.8668130459931703,0.31253430558515244,0.29496647779942425,0.32583969511948885,0.3675419423485975,"{""type"":""MultiPoint"",""coordinates"":[]}"
20201228T09_00000000000000000000,292.90038874103027,3858.0,-6.21348438870023E-4,-7.345364920210326E-25,108444.12146877793,-846436.632726603,97015.66704217404,294.3893387448476,5.918161026293514E-4,-2.230921149937406,1.0272202709245555,0.3127572637936562,0.29498629239138674,0.3258400318579818,0.36753873952002375,"{""type"":""MultiPoint"",""coordinates"":[]}"
20201228T10_00000000000000000000,292.66351520563006,3858.0,-7.909359016985184E-4,-7.345364920210326E-25,584204.5961912777,-955273.0758588035,97089.49647268234,295.38696618496294,7.367342111987098E-4,-3.266940708331981,1.48748069216134,0.3138603813688734,0.29500190838814716,0.32583439198992165,0.3675362647529829,"{""type"":""MultiPoint"",""coordinates"":[]}"
20201228T11_00000000000000000000,291.7174124008564,3858.0,-0.0013257201108998215,-7.345364920210326E-25,1963674.0844336892,-1138952.7584302172,97112.68435305316,297.28219840008467,8.457449777642177E-4,-3.819737130710494,1.9594215113320606,0.3131004528956935,0.2949966594417703,0.325818106529745,0.36753244263061347,"{""type"":""MultiPoint"",""coordinates"":[]}"
20201228T12_00000000000000000000,290.8684912334456,3858.0,-0.002091131928215223,-7.345364920210326E-25,3590552.428639065,-1325785.0773317898,97157.03731887689,298.6038825519583,8.602260640220754E-4,-3.822087313338828,2.185389141713095,0.3120550950025418,0.29496760922470616,0.3257832595140479,0.36752507853303557,"{""type"":""MultiPoint"",""coordinates"":[]}"
20201228T13_00000000000000000000,290.1582447208329,3858.0,-0.003016077671853613,-7.345364920210326E-25,5479861.258351308,-1545613.725209111,97146.70130924824,299.5670043047876,8.97658611483411E-4,-3.6973349682454058,2.3502851044011015,0.3114506883393948,0.29491869344334537,0.3257347470964359,0.36751469783651514,"{""type"":""MultiPoint"",""coordinates"":[]}"
20201228T14_00000000000000000000,289.74521654421915,3858.0,-0.004014769480164645,-7.345364920210326E-25,7486281.876900414,-1789786.185280657,97102.53834367929,300.2642879683751,9.526175721320428E-4,-3.598129526620234,2.585840227928885,0.3108792242531499,0.2948635766968883,0.3256851626543727,0.3675042019505459,"{""type"":""MultiPoint"",""coordinates"":[]}"
20201228T15_00000000000000000000,289.6374303623191,3858.0,-0.004985805950697093,-7.345364920210326E-25,9323911.995054968,-2011284.5786732596,97023.24481742198,300.51018809735416,0.001015723418457506,-3.557559579380358,2.655553141562877,0.310508199038865,0.2948173170959162,0.32564134209967144,0.36749349735895565,"{""type"":""MultiPoint"",""coordinates"":[]}"
20201228T16_00000000000000000000,289.7964260565487,3858.0,-0.005890106025559389,-7.345364920210326E-25,1.097735273880793E7,-2236507.120653376,96953.88463071767,300.41743563797985,0.0010937303666594905,-3.450292618285099,2.8120352503088064,0.31034300091378375,0.2947771364475224,0.32559982172173163,0.36748574715597804,"{""type"":""MultiPoint"",""coordinates"":[]}"
20201228T17_00000000000000000000,290.02765320986566,3858.0,-0.0067154626190596535,-7.345364920210326E-25,1.2418598234888736E7,-2477540.1749434485,96901.63808755063,300.1194344207058,0.0011410341510792294,-3.2493284159641314,2.9627170830649905,0.31001726160847626,0.2947439578727253,0.3255656044351112,0.36747696586695977,"{""type"":""MultiPoint"",""coordinates"":[]}"
20201228T18_00000000000000000000,290.0403001379807,3858.0,-0.007537855295442543,-7.345364920210326E-25,1.386573650071019E7,-2728373.555578937,96855.44678117105,300.0017710662701,0.0011979759499615456,-3.069763578529002,3.1641741607182774,0.3097560035103129,0.2947072521729273,0.3255284134947435,0.3674689820742291,"{""type"":""MultiPoint"",""coordinates"":[]}"
20201228T19_00000000000000000000,290.50490775924334,3858.0,-0.008116484320766074,-7.345364920210326E-25,1.465089149376611E7,-2980152.903308958,96883.39528767622,299.1791005981195,0.0012546009500314578,-2.8843496133893733,3.0884405683258276,0.3097347283803579,0.2946955847259799,0.32550761397279115,0.3674634361236988,"{""type"":""MultiPoint"",""coordinates"":[]}"
20201228T20_00000000000000000000,290.80644476922305,3858.0,-0.008570816637526318,-7.345364920210326E-25,1.5165308315113889E7,-3253297.099426588,96913.66737117118,298.3569607479567,0.0012676001981573152,-2.667350029342084,2.8270500873840794,0.309499786856976,0.2946911697993744,0.3254950177858288,0.36746128444901416,"{""type"":""MultiPoint"",""coordinates"":[]}"
20201228T21_00000000000000000000,291.11852294064573,3858.0,-0.008870504112747918,-7.345364920210326E-25,1.5240633831448253E7,-3438050.2634015456,96970.85254147703,297.4919990516673,0.0012735625600655807,-2.3789587169877793,2.390213139524113,0.30933327589326504,0.29470348864867457,0.32549185790245017,0.36746025416568723,"{""type"":""MultiPoint"",""coordinates"":[]}"
20201228T22_00000000000000000000,291.4397077129466,3858.0,-0.009071152070717013,-7.345364920210326E-25,1.5240633831448253E7,-3652127.365458465,97013.1791139641,296.67804788295183,0.0012742445200287194,-2.31932285577145,2.0016087791871917,0.3091823114915601,0.29471952767567533,0.3254919915543192,0.3674579030165913,"{""type"":""MultiPoint"",""coordinates"":[]}"
20201228T23_00000000000000000000,291.75504832488747,3858.0,-0.00921753669001138,-7.345364920210326E-25,1.5240633831448253E7,-3862628.3772949646,97086.43007280267,296.02025510531183,0.0012758024525406878,-2.141250796179836,1.5722480543948236,0.3090625614236698,0.2947350678159698,0.32549177763105736,0.367457850037472,"{""type"":""MultiPoint"",""coordinates"":[]}"
20201229T00_00000000000000000000,291.9894372728447,3858.0,-0.009311534302287894,-7.345364920210326E-25,1.5240633831448253E7,-4087030.386921986,97099.11132699477,295.3897648406522,0.0012839937770018895,-1.8967983688947698,1.3242231079339164,0.3090242607312963,0.29475080582524743,0.32549321529170283,0.36745618280064307,"{""type"":""MultiPoint"",""coordinates"":[]}"
20201229T01_00000000000000000000,292.1404952236337,3858.0,-7.435874249657774E-5,-7.345364920210326E-25,0.0,-164723.9568855541,97087.12140096466,295.0472863194467,1.5432841341310142E-5,-1.7246316611481471,1.2414905765430497,0.3090514614954697,0.2947674810030364,0.32549373785847013,0.3674554053722035,"{""type"":""MultiPoint"",""coordinates"":[]}"
20201229T02_00000000000000000000,292.1878818959676,3858.0,-1.2222283608336214E-4,-7.345364920210326E-25,0.0,-358007.9231877006,97024.06619479587,294.531901741098,4.3198892938713824E-5,-1.544253912558528,1.0273415923049607,0.3091942952077951,0.29478260172530324,0.32549436116583547,0.36745442004085654,"{""type"":""MultiPoint"",""coordinates"":[]}"
20201229T03_00000000000000000000,292.15668984549154,3858.0,-1.622770653621246E-4,-7.345364920210326E-25,0.0,-501117.7293584617,96955.01989641419,294.26292859401093,8.749008336274903E-5,-1.5335828004602536,1.0108622133001244,0.3094675197638445,0.2947991661285701,0.32549573982700725,0.36745294585672716,"{""type"":""MultiPoint"",""coordinates"":[]}"
20201229T04_00000000000000000000,292.0917200199576,3858.0,-2.0171258583084013E-4,-7.345364920210326E-25,0.0,-615206.4063864483,96875.38729290235,294.15256254974884,1.2444350859644636E-4,-1.4421913615155546,1.1507646495548776,0.30968859801632825,0.29481755911416546,0.32549588511822825,0.3674525184115604,"{""type"":""MultiPoint"",""coordinates"":[]}"
20201229T05_00000000000000000000,291.94049489436037,3858.0,-2.46054265510748E-4,-7.345364920210326E-25,0.0,-711631.02567205,96822.09053256846,294.11574609870746,1.6526928872812288E-4,-1.4290593675714443,1.3419662901827032,0.30993671568748576,0.2948309628313397,0.3254978188560814,0.3674509695750358,"{""type"":""MultiPoint"",""coordinates"":[]}"
20201229T06_00000000000000000000,291.81720713213497,3858.0,-2.850707258024384E-4,-7.345364920210326E-25,0.0,-841138.9499973694,96802.38516582608,293.98249950225306,1.9572371153184535E-4,-1.318080458700502,1.3164540235194406,0.31010846676772047,0.29484769620588847,0.32549844497294544,0.36744882271663465,"{""type"":""MultiPoint"",""coordinates"":[]}"
20201229T07_00000000000000000000,291.84217611880075,3858.0,-3.2837378547348895E-4,-7.345364920210326E-25,0.0,-949281.2499999999,96815.02885762994,293.7602360354298,2.0683396448309654E-4,-1.138888398452976,0.8794043444277727,0.3101270451802332,0.294864431587222,0.3254986673247036,0.3674479638127314,"{""type"":""MultiPoint"",""coordinates"":[]}"
20201229T08_00000000000000000000,291.7845966155089,3858.0,-3.5967172656886935E-4,-7.345364920210326E-25,0.0,-1073494.3199800095,96845.0128415734,293.6012035873374,2.2554069951868832E-4,-1.2399744352591242,0.9030726888992652,0.3102143888841253,0.2948816140802136,0.32549992838828495,0.3674462062705855,"{""type"":""MultiPoint"",""coordinates"":[]}"
20201229T09_00000000000000000000,291.8260165313923,3858.0,-4.027233952863632E-4,-7.345364920210326E-25,103039.8736914093,-1198944.8351570312,96867.34903840782,293.8765651139576,2.47174419300535E-4,-1.5080166986836607,1.1220456418901295,0.31031614451388567,0.2948970980305329,0.3255004573767637,0.36744549667147286,"{""type"":""MultiPoint"",""coordinates"":[]}"
20201229T10_00000000000000000000,291.1530125969317,3858.0,-5.65368729866004E-4,-7.345364920210326E-25,731017.2278394444,-1385306.767162923,96913.32349355897,295.41435840282986,2.942871446750152E-4,-2.323852842789381,1.7888822786823941,0.31052745413921934,0.29489883670890155,0.3254923359185943,0.36744162799169544,"{""type"":""MultiPoint"",""coordinates"":[]}"
20201229T11_00000000000000000000,289.9921545702664,3858.0,-0.001027318191931088,-7.345364920210326E-25,1730827.5927192369,-1579517.620600768,96977.44044556198,296.69724759283406,3.256010586004118E-4,-2.44931985663555,2.212215434219944,0.3102045500195065,0.29488459335295847,0.32547205816069547,0.3674369871011191,"{""type"":""MultiPoint"",""coordinates"":[]}"
20201229T12_00000000000000000000,288.96307878596105,3858.0,-0.0017300999665415206,-7.345364920210326E-25,3162185.3507812084,-1763283.789889,97002.89308847122,297.9842922755133,3.294462140727337E-4,-2.153205644514329,2.2397441592094314,0.30944383328124875,0.29484254197975496,0.3254330763655537,0.36742797463048943,"{""type"":""MultiPoint"",""coordinates"":[]}"
20201229T13_00000000000000000000,288.37629084185994,3858.0,-0.002542107684925896,-7.345364920210326E-25,4764040.617444367,-1949515.8668788462,97006.15014968238,298.9313938779628,3.298870441436E-4,-1.953352918679561,2.225883107012529,0.3086661897143858,0.2947940608679862,0.325386160947302,0.36741938238060123,"{""type"":""MultiPoint"",""coordinates"":[]}"
20201229T14_00000000000000000000,288.0706891959868,3858.0,-0.0034756159315910587,-7.345364920210326E-25,6706604.551423005,-2183400.631358829,96949.04751347222,299.87429392560404,3.29987221998058E-4,-1.8324307316237198,2.2380190932635924,0.30774171853204707,0.2947254733777421,0.32532933602560593,0.3674068375673302,"{""type"":""MultiPoint"",""coordinates"":[]}"
20201229T15_00000000000000000000,287.63909251074455,3858.0,-0.004486640249253311,-7.345364920210326E-25,8820679.29638592,-2461538.8396548983,96870.9915268343,300.6816094499991,3.2999362234820037E-4,-1.851337153416541,2.303395613809269,0.306754582282827,0.2946513002026281,0.32527124321726003,0.36739537360836366,"{""type"":""MultiPoint"",""coordinates"":[]}"
20201229T16_00000000000000000000,287.3132111282827,3858.0,-0.005612704384337281,-7.345364920210326E-25,1.1219313166237043E7,-2771381.5923772934,96793.35864631554,301.566872237476,3.299974485656651E-4,-1.9577712294266347,2.214412087374217,0.3056350187046472,0.2945666351551146,0.3252028849018422,0.3673820084214579,"{""type"":""MultiPoint"",""coordinates"":[]}"
20201229T17_00000000000000000000,287.06688811114384,3858.0,-0.006600274283687216,-7.345364920210326E-25,1.319221117886264E7,-3112088.3902098993,96702.9691357137,301.70104036075804,3.300253021118559E-4,-2.1742086786292916,2.1328098277653327,0.3046682055666631,0.2944988965348497,0.3251494650926298,0.3673688286614695,"{""type"":""MultiPoint"",""coordinates"":[]}"
20201229T18_00000000000000000000,287.14964772289176,3858.0,-0.007436275355577833,-7.345364920210326E-25,1.469171278215582E7,-3458960.2140564993,96682.74218236259,301.36091454109743,3.300253021118559E-4,-2.4682588764904887,2.0528857114596097,0.30387703105246816,0.2944474646466804,0.32510648377534057,0.3673574959462304,"{""type"":""MultiPoint"",""coordinates"":[]}"
20201229T19_00000000000000000000,287.66635849863536,3858.0,-0.008212008315134451,-7.345364920210326E-25,1.5925063257404383E7,-3797196.2633752413,96662.7344789803,301.3385179025884,3.300253021118559E-4,-2.896643434470654,2.0399605699212384,0.30319135241358214,0.29440472695306846,0.3250703680702798,0.367351311035413,"{""type"":""MultiPoint"",""coordinates"":[]}"
20201229T20_00000000000000000000,288.4722692279012,3858.0,-0.008732676941303134,-7.345364920210326E-25,1.6452689665474243E7,-4104250.4163817135,96711.11085785022,299.9336988364911,3.300253021118559E-4,-3.0972794256792793,1.9809008059556077,0.3027621577317715,0.29438787076328876,0.3250535600433357,0.36734763580969254,"{""type"":""MultiPoint"",""coordinates"":[]}"
20201229T21_00000000000000000000,289.29452156156384,3858.0,-0.009074387095056861,-7.345364920210326E-25,1.6557216267031407E7,-4427079.285496343,96767.44573890168,298.3786184112339,3.300253021118559E-4,-2.899957802954286,1.742672120071773,0.30252516567565957,0.2943940649053163,0.32505002288441087,0.3673443691653614,"{""type"":""MultiPoint"",""coordinates"":[]}"
20201229T22_00000000000000000000,290.03720353334353,3858.0,-0.009304388423549602,-7.345364920210326E-25,1.6557216267031407E7,-4749512.895470565,96822.9357935714,297.02376854002665,3.300253021118559E-4,-2.7097982027534546,1.5870860808839726,0.3023721483330827,0.2944025708634572,0.3250486369988136,0.3673435732745015,"{""type"":""MultiPoint"",""coordinates"":[]}"
20201229T23_00000000000000000000,290.60978100146696,3858.0,-0.009475751357108275,-7.345364920210326E-25,1.6557216267031407E7,-5041853.808669577,96885.1149856235,296.0548301077482,3.300253021118559E-4,-2.3757638562026,1.4089174641383373,0.30225369464818674,0.29441245146920014,0.3250486173323223,0.3673417262297526,"{""type"":""MultiPoint"",""coordinates"":[]}"
20201230T00_00000000000000000000,291.03858446699866,3858.0,-0.009592731441097017,-7.345364920210326E-25,1.6557216267031407E7,-5312395.473249514,96952.59851747852,295.35233280033975,3.300253021118559E-4,-2.109370432959105,1.2476060662517174,0.30216467568032646,0.29442061466849373,0.32504901547843074,0.36734090786290274,"{""type"":""MultiPoint"",""coordinates"":[]}"
20201230T01_00000000000000000000,291.3999395238536,3858.0,-7.382290040184131E-5,-7.345364920210326E-25,0.0,-256652.12022265757,96928.02910648407,294.7598784905921,0.0,-1.8618223444767932,1.1060314139334497,0.3020963181676227,0.29443180209251224,0.32505020349504454,0.367339985945956,"{""type"":""MultiPoint"",""coordinates"":[]}"
20201230T02_00000000000000000000,291.7259787238874,3858.0,-1.2042235109395169E-4,-7.345364920210326E-25,0.0,-484186.7303481246,96884.42465082329,294.325104538398,0.0,-1.6384125406057652,0.9691133492623455,0.3020409830829774,0.2944416690521184,0.32505132287961763,0.36733838734116775,"{""type"":""MultiPoint"",""coordinates"":[]}"
20201230T03_00000000000000000000,291.99720546544404,3858.0,-1.480250583929368E-4,-7.345364920210326E-25,0.0,-690246.4771950128,96814.81607334843,293.97563548260916,5.084712596649283E-7,-1.4946159071006453,0.7637637118951055,0.30200077193145447,0.2944523587935012,0.32505166523710816,0.3673377640338024,"{""type"":""MultiPoint"",""coordinates"":[]}"
20201230T04_00000000000000000000,292.2160773752139,3858.0,-1.6614925926657537E-4,-7.345364920210326E-25,0.0,-866389.1387763689,96754.60070723075,293.790627685399,5.101024190494928E-6,-1.417245087339385,0.5624212987156166,0.301999087436276,0.2944624613496454,0.32505235516972947,0.3673363781482053,"{""type"":""MultiPoint"",""coordinates"":[]}"
20201230T05_00000000000000000000,292.3150702924063,3858.0,-1.845728993820325E-4,-7.345364920210326E-25,0.0,-1003103.2537219204,96699.96194812322,293.7834808439512,1.2082359899795498E-5,-1.4500359561255312,0.48748372641998905,0.30201706782691234,0.29447098135528016,0.325052146865465,0.3673355706179935,"{""type"":""MultiPoint"",""coordinates"":[]}"
20201230T06_00000000000000000000,292.36665499081795,3858.0,-2.0812692898594345E-4,-7.345364920210326E-25,0.0,-1110816.496725235,96698.58471973804,293.8413974630115,2.9492775829105883E-5,-1.5388347596232683,0.488172629962082,0.3021139570034825,0.2944794331302309,0.32505274689412633,0.3673342361060876,"{""type"":""MultiPoint"",""coordinates"":[]}"
20201230T07_00000000000000000000,292.2758204718868,3858.0,-2.2921726541486179E-4,-7.345364920210326E-25,0.0,-1262193.1610552892,96749.44268319447,293.89951775066345,3.814054271387047E-5,-1.1689646073346933,0.3863168319388286,0.30214702600782845,0.2944901674222366,0.3250558040301222,0.3673327117523379,"{""type"":""MultiPoint"",""coordinates"":[]}"
20201230T08_00000000000000000000,292.31577811511306,3858.0,-2.4381650955596518E-4,-7.345364920210326E-25,0.0,-1388573.1923562523,96791.24814664268,293.81780762958124,4.68777541930135E-5,-1.0873146536750475,0.22953821431393306,0.30218549125655725,0.2945011212565019,0.32505683953108966,0.3673312965676824,"{""type"":""MultiPoint"",""coordinates"":[]}"
20201230T09_00000000000000000000,292.3911699673022,3858.0,-2.711590012415221E-4,-7.345364920210326E-25,111589.88079330842,-1502999.401415119,96850.6941592634,294.15718005164956,6.291458431314433E-5,-1.5488071316226337,0.3188872212168102,0.302265634215156,0.2945091495998555,0.3250571240931772,0.36732988338981165,"{""type"":""MultiPoint"",""coordinates"":[]}"
20201230T10_00000000000000000000,291.9505860013959,3858.0,-4.086817371578091E-4,-7.345364920210326E-25,685887.7401757062,-1637166.9833762953,96893.16244463965,295.8075004327591,9.235401650933526E-5,-2.6437274475916417,0.8207232053705439,0.30236132253168935,0.29450420729019916,0.3250477612379179,0.3673274431394698,"{""type"":""MultiPoint"",""coordinates"":[]}"
20201230T11_00000000000000000000,291.3913598846012,3858.0,-8.773064984832643E-4,-7.345364920210326E-25,1810091.950181493,-1810253.1348045655,96922.15682744027,297.4082603536867,1.2461661710826428E-4,-2.9160426307046885,1.1143502682875435,0.302157450050901,0.2944773175776729,0.3250212732837129,0.3673214556962788,"{""type"":""MultiPoint"",""coordinates"":[]}"
20201230T12_00000000000000000000,290.7850608980206,3858.0,-0.0016383951406102226,-7.345364920210326E-25,3556219.1630806453,-2013286.9905308003,96943.54823126542,299.1302756879886,1.5446752420288028E-4,-2.782413218372455,1.1356595553255093,0.30163293750503445,0.29441963977242774,0.32497342752001823,0.3673115574308292,"{""type"":""MultiPoint"",""coordinates"":[]}"
20201230T13_00000000000000000000,290.27158667767935,3858.0,-0.002552679337996585,-7.345364920210326E-25,5594217.685780416,-2272360.0333526223,96946.72977499964,300.53252836206633,1.7343746592156047E-4,-2.571440669474205,1.0890145786206533,0.3009048478771054,0.2943482038518092,0.32491875467436365,0.36729939149853247,"{""type"":""MultiPoint"",""coordinates"":[]}"
20201230T14_00000000000000000000,290.0434177070972,3858.0,-0.0035235777797525377,-7.345364920210326E-25,7717824.844599924,-2520788.9057551674,96909.58981662466,301.44674005688535,2.1434685980105595E-4,-2.3768127086606685,1.1571925073615923,0.30034607509942335,0.2942719046888562,0.32486126229603607,0.36728702127554097,"{""type"":""MultiPoint"",""coordinates"":[]}"
20201230T15_00000000000000000000,290.19176978147846,3858.0,-0.004269399643892852,-7.345364920210326E-25,9202692.184701975,-2786649.509811142,96886.21253337237,301.1666208552475,2.4698034598280913E-4,-2.3236107937358605,1.4237605469225199,0.2999696548448268,0.2942220553511966,0.32482222912720315,0.3672781043278686,"{""type"":""MultiPoint"",""coordinates"":[]}"
20201230T16_00000000000000000000,290.4575662315408,3858.0,-0.005029269312202436,-7.345364920210326E-25,1.0724754941553997E7,-3024306.7014572034,96804.03093662042,301.03430845084114,3.090159832373569E-4,-2.1750788335716384,1.7456916802258964,0.2997801288687215,0.2941675249872643,0.32477782620354684,0.36726873344547006,"{""type"":""MultiPoint"",""coordinates"":[]}"
20201230T17_00000000000000000000,290.49514664308765,3858.0,-0.0058840825417672766,-7.345364920210326E-25,1.2531171800568147E7,-3301594.8977589537,96758.28198012286,301.24222434055577,3.702588142797856E-4,-2.080484482871908,2.015053510226909,0.29953204491154883,0.2941054824250345,0.3247300037185561,0.36725709810707974,"{""type"":""MultiPoint"",""coordinates"":[]}"
20201230T18_00000000000000000000,290.49727085050705,3858.0,-0.006621482264544671,-7.345364920210326E-25,1.4010236942132667E7,-3620407.0265926663,96723.5576108685,300.90337240622574,4.470049920791767E-4,-2.2630248659005368,2.204925228064512,0.29955595775947197,0.29405767318482356,0.32469054952626775,0.367249664976104,"{""type"":""MultiPoint"",""coordinates"":[]}"
20201230T19_00000000000000000000,290.64421969103734,3858.0,-0.007301023329413975,-7.345364920210326E-25,1.5187250070755951E7,-3933974.2208427573,96742.3180107531,300.91594440902287,4.8151551542809665E-4,-2.333775735201191,1.9452537357214523,0.2993575473456086,0.2940203172867436,0.32465919190801656,0.36724089693186557,"{""type"":""MultiPoint"",""coordinates"":[]}"
20201230T20_00000000000000000000,290.82849497406045,3858.0,-0.007751248533315664,-7.345364920210326E-25,1.5724046576937241E7,-4231581.208006733,96797.3153461025,300.0036647888342,4.8708584212288824E-4,-2.6165149766383258,1.9388938566969762,0.2990700003662943,0.29400362284382053,0.324640400776313,0.3672386413057269,"{""type"":""MultiPoint"",""coordinates"":[]}"
20201230T21_00000000000000000000,291.17987971707464,3858.0,-0.008062617326012928,-7.345364920210326E-25,1.5807409542059015E7,-4439591.991109474,96841.34501255982,298.9135104447337,4.8708584212288824E-4,-2.746617866807899,1.7420007475008557,0.2988731472174519,0.2940050749533167,0.3246389578980269,0.36723513224178955,"{""type"":""MultiPoint"",""coordinates"":[]}"
20201230T22_00000000000000000000,291.5510663595386,3858.0,-0.008287834230996776,-7.345364920210326E-25,1.5807409542059015E7,-4673204.680572359,96911.46804227601,297.81378170296176,4.8708584212288824E-4,-2.8517832816496864,1.7807737196242446,0.29873378444015203,0.2940111880212373,0.32463854530306774,0.3672347116196911,"{""type"":""MultiPoint"",""coordinates"":[]}"
20201230T23_00000000000000000000,291.9529795217466,3858.0,-0.008474434795364395,-7.345364920210326E-25,1.5807409542059015E7,-4880404.478615391,96976.5249349403,296.9435254605253,4.8708584212288824E-4,-2.7518896359472707,1.6067611667344674,0.29861475681479727,0.29401839478688546,0.32463941424089504,0.3672333470060131,"{""type"":""MultiPoint"",""coordinates"":[]}"
