cod_otto;clusters
662496;0
673622;0
673616;0
673588;0
673586;0
673492;0
673484;0
673476;0
673474;0
673464;0
673462;0
673444;0
673442;0
673438;0
673434;0
673422;0
673414;0
673278;0
672982;0
669914;0
669912;0
669884;0
673682;0
669864;0
673814;0
673854;0
674694;0
674626;0
674498;0
674494;0
674492;0
674478;0
674468;0
674464;0
674446;0
674288;0
674286;0
674282;0
674276;0
674274;0
674272;0
674262;0
674184;0
674182;0
674174;0
674164;0
673944;0
673816;0
674722;0
669862;0
669834;0
668484;0
668478;0
668476;0
668352;0
668222;0
668126;0
667792;0
667742;0
667722;0
667684;0
667646;0
667634;0
667596;0
667524;0
667514;0
667432;0
667426;0
667386;0
667382;0
667848;0
667148;0
668486;0
669858;0
668494;0
668718;0
669832;0
669826;0
669822;0
669818;0
669816;0
669762;0
669692;0
669682;0
669622;0
669538;0
669522;0
669514;0
669452;0
669428;0
669426;0
669424;0
668768;0
668746;0
668734;0
668732;0
668726;0
668498;0
674744;0
674784;0
674812;0
676934;0
676922;0
676916;0
676896;0
676884;0
676878;0
676846;0
676844;0
676836;0
676814;0
676796;0
676766;0
676764;0
676762;0
676756;0
676752;0
676724;0
676722;0
676692;0
676676;0
676644;0
677214;0
676626;0
677264;0
677298;0
677766;0
677764;0
677744;0
677728;0
677726;0
677716;0
677668;0
677666;0
677664;0
677662;0
677622;0
677618;0
677614;0
677518;0
677498;0
677496;0
677482;0
677466;0
677452;0
677414;0
677324;0
677296;0
676568;0
676566;0
676544;0
675468;0
675228;0
675226;0
675198;0
675184;0
674992;0
674988;0
674986;0
674984;0
674982;0
674966;0
674962;0
674954;0
674942;0
674934;0
674896;0
674872;0
674848;0
674818;0
674816;0
674814;0
675486;0
675488;0
675862;0
675648;0
676432;0
676418;0
676386;0
676366;0
676362;0
676334;0
676314;0
676214;0
676212;0
676176;0
667114;0
675956;0
675868;0
675866;0
675856;0
675854;0
675852;0
675848;0
675846;0
675788;0
675786;0
675748;0
675886;0
677836;0
667112;0
666944;0
662278;0
662272;0
662266;0
662264;0
662262;0
662258;0
662256;0
662234;0
662232;0
662226;0
662222;0
661422;0
672532;0
649696;0
649436;0
649378;0
649326;0
649322;0
649278;0
649276;0
649272;0
662292;0
649126;0
662296;0
672624;0
662846;0
662818;0
662816;0
662814;0
662812;0
662772;0
662756;0
662736;0
662734;0
662574;0
662572;0
662556;0
662512;0
662482;0
662436;0
662432;0
662418;0
662416;0
662414;0
662412;0
662366;0
662298;0
662862;0
649124;0
648834;0
648228;0
648226;0
648222;0
648216;0
648214;0
648212;0
648168;0
648164;0
646962;0
646948;0
646946;0
646786;0
646762;0
646298;0
646294;0
646256;0
646254;0
646238;0
646236;0
646234;0
646226;0
648234;0
648918;0
648236;0
648434;0
648826;0
648712;0
648698;0
648696;0
648694;0
648686;0
648684;0
648678;0
648644;0
648642;0
648638;0
648628;0
648564;0
648548;0
648532;0
648528;0
648524;0
648522;0
648514;0
648468;0
648448;0
648286;0
662876;0
662914;0
663658;0
666718;0
666716;0
666714;0
666696;0
666688;0
666686;0
666676;0
666668;0
666646;0
666642;0
666638;0
666634;0
666612;0
666568;0
666548;0
666542;0
666514;0
666512;0
666488;0
666486;0
666468;0
666722;0
666466;0
666728;0
666734;0
666914;0
666912;0
666898;0
666896;0
666894;0
666892;0
666876;0
666868;0
666866;0
666846;0
666844;0
666836;0
666834;0
666828;0
666826;0
666822;0
666818;0
666794;0
666792;0
666788;0
666748;0
666732;0
666452;0
666448;0
666446;0
665182;0
665172;0
664974;0
664898;0
664788;0
664786;0
664784;0
664644;0
664632;0
664618;0
672718;0
672712;0
664282;0
664256;0
664252;0
664186;0
664176;0
664162;0
664156;0
664142;0
663858;0
665194;0
665322;0
665344;0
665532;0
666436;0
666434;0
666422;0
666414;0
666382;0
666324;0
666294;0
666248;0
666242;0
666238;0
666946;0
666228;0
666224;0
666222;0
666198;0
666182;0
666154;0
666122;0
666112;0
665746;0
665622;0
665576;0
666226;0
646218;0
677844;0
677862;0
674258;0
674252;0
673962;0
673942;0
673296;0
673294;0
673292;0
673282;0
673272;0
673268;0
673264;0
673218;0
672676;0
672486;0
672458;0
672276;0
672262;0
671938;0
672238;0
672236;0
671952;0
674434;0
671942;0
674546;0
674638;0
676238;0
676236;0
676234;0
676182;0
676144;0
676142;0
675978;0
675958;0
675726;0
675616;0
675432;0
675412;0
675384;0
675372;0
675224;0
674876;0
674762;0
674736;0
674726;0
674662;0
674642;0
674548;0
676318;0
671878;0
671478;0
669492;0
669486;0
669484;0
669482;0
669474;0
667898;0
667834;0
667146;0
667144;0
666988;0
666924;0
666918;0
666916;0
666862;0
666856;0
666854;0
666852;0
666798;0
666738;0
666648;0
666494;0
669496;0
671874;0
669498;0
669568;0
671476;0
671474;0
671184;0
671132;0
669986;0
669982;0
669974;0
669966;0
669964;0
669936;0
669934;0
669924;0
669922;0
669892;0
669878;0
669874;0
669872;0
669852;0
669844;0
669842;0
669814;0
669566;0
676332;0
676336;0
676338;0
686682;0
686646;0
686644;0
686626;0
686566;0
686564;0
686526;0
686514;0
686488;0
686334;0
686264;0
686262;0
686228;0
682728;0
682724;0
682722;0
682694;0
682692;0
682672;0
682628;0
682626;0
686748;0
679628;0
686762;0
686836;0
689986;0
689984;0
689728;0
689694;0
689688;0
689686;0
689678;0
689592;0
689586;0
689558;0
689552;0
689446;0
689356;0
686994;0
686988;0
686958;0
686956;0
686954;0
686928;0
686926;0
686844;0
686834;0
679512;0
679484;0
679482;0
676868;0
676866;0
676864;0
676832;0
676828;0
676826;0
676768;0
676822;0
676816;0
676746;0
676738;0
676726;0
676658;0
676564;0
676452;0
676416;0
676414;0
676368;0
676352;0
676344;0
676342;0
676886;0
676952;0
676956;0
676962;0
679474;0
679462;0
679458;0
679456;0
679454;0
679452;0
677996;0
677894;0
677872;0
677786;0
666236;0
677688;0
677652;0
677648;0
677646;0
677612;0
677546;0
677446;0
677442;0
676982;0
676976;0
676972;0
677682;0
677846;0
666262;0
666166;0
686578;0
686538;0
686458;0
686456;0
686454;0
686452;0
686438;0
686436;0
686434;0
686418;0
686348;0
686346;0
686344;0
686212;0
682972;0
682968;0
682954;0
682952;0
682686;0
682682;0
682678;0
686582;0
682624;0
686584;0
686638;0
689476;0
689472;0
686974;0
686942;0
686922;0
686876;0
686864;0
686862;0
686816;0
686814;0
686812;0
686772;0
686766;0
686764;0
686758;0
686752;0
686744;0
686724;0
686718;0
686712;0
686642;0
686586;0
689484;0
682622;0
682616;0
679766;0
679764;0
679664;0
679654;0
679652;0
679634;0
679586;0
679464;0
679424;0
679422;0
679418;0
679416;0
679412;0
679398;0
679386;0
679362;0
679114;0
678952;0
678912;0
678126;0
677896;0
679786;0
682618;0
679794;0
679814;0
682614;0
682592;0
682518;0
682512;0
682498;0
682496;0
682494;0
682476;0
682474;0
682472;0
682458;0
682456;0
682454;0
679844;0
679842;0
679838;0
679832;0
679828;0
679826;0
679822;0
679816;0
679798;0
689492;0
689494;0
689516;0
648754;0
648734;0
648724;0
648648;0
648588;0
648428;0
648418;0
646942;0
646934;0
646338;0
646214;0
645616;0
645528;0
645142;0
644972;0
644894;0
644674;0
644672;0
644658;0
644656;0
644642;0
648772;0
644636;0
648774;0
648838;0
666134;0
665828;0
665132;0
664128;0
662918;0
662912;0
662558;0
662424;0
662422;0
652916;0
652912;0
649758;0
649756;0
649716;0
649424;0
649552;0
649182;0
648872;0
648854;0
648852;0
648848;0
648776;0
644634;0
644626;0
644622;0
637886;0
637884;0
637882;0
689966;0
689964;0
689962;0
689944;0
689942;0
689932;0
689928;0
689914;0
689912;0
689866;0
689698;0
689696;0
689672;0
689668;0
689612;0
689588;0
689566;0
689538;0
637888;0
637896;0
637952;0
637962;0
644468;0
645164;0
644324;0
644322;0
643728;0
643652;0
642658;0
642618;0
643298;0
642856;0
666246;0
642624;0
642218;0
642216;0
641874;0
641674;0
641648;0
641612;0
641136;0
641134;0
638642;0
638134;0
642224;0
646216;0
689998;0
644484;0
643872;0
671678;0
671692;0
643862;0
643856;0
643846;0
671676;0
643844;0
649738;0
645638;0
649376;0
645694;0
645696;0
645784;0
669944;0
671866;0
671674;0
642138;0
669958;0
641872;0
641894;0
641896;0
644274;0
641898;0
642142;0
642122;0
644258;0
669946;0
642128;0
642132;0
645482;0
645484;0
644262;0
645218;0
641886;0
671228;0
671276;0
671954;0
671272;0
671958;0
643164;0
643162;0
671936;0
643128;0
642998;0
671182;0
672166;0
642996;0
671176;0
666266;0
672134;0
671446;0
671456;0
671464;0
643478;0
643476;0
643474;0
643472;0
643444;0
671912;0
671914;0
643292;0
671498;0
671496;0
671916;0
671918;0
671492;0
671922;0
671482;0
644478;0
644482;0
641684;0
641682;0
637958;0
644938;0
644934;0
644926;0
644922;0
644918;0
644952;0
644914;0
644858;0
638268;0
637946;0
644852;0
644838;0
644834;0
644884;0
637986;0
644954;0
637996;0
645222;0
638132;0
645212;0
645162;0
644978;0
638174;0
669992;0
638122;0
669994;0
669976;0
645238;0
644958;0
645434;0
637998;0
644956;0
644822;0
672234;0
645326;0
644818;0
641154;0
637924;0
641222;0
644616;0
641272;0
641542;0
641146;0
641546;0
637874;0
641666;0
644498;0
641678;0
644496;0
644492;0
645438;0
671236;0
644654;0
644676;0
644814;0
637944;0
644812;0
644768;0
644766;0
637942;0
671146;0
671148;0
645414;0
671158;0
671166;0
638294;0
638298;0
644678;0
638496;0
645328;0
642976;0
669988;0
642884;0
642596;0
662582;0
642672;0
666244;0
642674;0
642586;0
662586;0
672254;0
662894;0
642676;0
642568;0
642678;0
642612;0
642588;0
642684;0
642696;0
642576;0
672298;0
642766;0
642694;0
642692;0
642686;0
672444;0
642868;0
642752;0
642688;0
642716;0
642914;0
642584;0
672284;0
672294;0
642862;0
642852;0
642736;0
666664;0
642846;0
642844;0
672252;0
642578;0
642738;0
642892;0
642666;0
642742;0
642616;0
642626;0
642634;0
672422;0
642636;0
674198;1
686818;1
686854;1
674142;1
641638;1
669564;1
674244;1
679812;1
674144;1
674242;1
642926;1
644412;1
667566;1
644456;1
667692;1
667666;1
644472;1
669524;1
673258;1
669542;1
673254;1
673222;1
666652;1
669546;1
644474;1
679836;1
641692;1
667696;1
641698;1
689648;1
686872;1
649632;1
649374;1
649336;1
649318;1
649316;1
649314;1
649312;1
649292;1
649236;1
649232;1
649224;1
649222;1
649634;1
649218;1
649216;1
686916;1
648842;1
679694;1
642266;1
679692;1
642268;1
642274;1
648766;1
648764;1
648756;1
674958;1
686914;1
642124;1
649638;1
649652;1
686874;1
642126;1
674292;1
674294;1
642582;1
674296;1
686878;1
649764;1
649762;1
686882;1
674422;1
674426;1
649642;1
674428;1
674432;1
686886;1
686894;1
649754;1
649736;1
674462;1
649728;1
649726;1
649724;1
686912;1
649722;1
674496;1
686884;1
679762;1
673232;1
641476;1
676228;1
686414;1
676196;1
676188;1
686416;1
666584;1
676178;1
676146;1
676118;1
686422;1
686412;1
666636;1
644944;1
686432;1
644942;1
676114;1
675982;1
675976;1
675974;1
675972;1
682798;1
675968;1
676116;1
666552;1
686368;1
666546;1
686214;1
676562;1
686278;1
666444;1
686286;1
642728;1
676528;1
676526;1
676518;1
642726;1
676412;1
676378;1
686362;1
686364;1
686366;1
676328;1
676326;1
644964;1
666516;1
666518;1
676324;1
676272;1
676242;1
682796;1
641478;1
675926;1
675744;1
671144;1
686588;1
682612;1
686612;1
674148;1
674146;1
673966;1
686652;1
686654;1
673926;1
671142;1
686662;1
667682;1
642842;1
673242;1
679682;1
673216;1
686668;1
686686;1
686688;1
671116;1
641474;1
686666;1
671126;1
671112;1
667116;1
675736;1
675732;1
682794;1
675626;1
675456;1
675436;1
682792;1
675434;1
675428;1
675426;1
675424;1
682786;1
682784;1
675422;1
682742;1
686482;1
675414;1
682684;1
686486;1
686576;1
675362;1
675334;1
675332;1
675752;1
679678;1
679674;1
648748;1
644134;1
644126;1
644124;1
644122;1
677232;1
677234;1
677236;1
679564;1
677254;1
677322;1
677328;1
677364;1
677368;1
643644;1
643622;1
677394;1
677396;1
677418;1
677432;1
677462;1
679562;1
677472;1
679552;1
677474;1
677476;1
677216;1
677212;1
677184;1
677182;1
676584;1
644422;1
676594;1
644416;1
676646;1
679638;1
676698;1
689178;1
689196;1
689362;1
679614;1
689366;1
677494;1
689368;1
676782;1
676794;1
676834;1
679574;1
679572;1
676894;1
676912;1
689384;1
676926;1
679566;1
676988;1
676996;1
679582;1
676582;1
679548;1
643172;1
677922;1
677942;1
679354;1
677958;1
677962;1
677966;1
677978;1
677982;1
678172;1
689618;1
678244;1
678366;1
641616;1
678916;1
678976;1
679112;1
679248;1
689946;1
679156;1
679158;1
679162;1
679164;1
689922;1
679198;1
679242;1
677916;1
677914;1
677912;1
679372;1
677522;1
677524;1
677526;1
642962;1
677556;1
677582;1
677584;1
642622;1
677616;1
677658;1
689466;1
679382;1
689388;1
677746;1
679378;1
679376;1
642264;1
677812;1
677814;1
677816;1
677818;1
677822;1
677824;1
679374;1
677826;1
677828;1
642316;1
679642;1
679644;1
644464;1
675358;1
675382;1
675442;1
675446;1
675448;1
675462;1
646998;1
675484;1
675492;1
675494;1
646994;1
646932;1
646564;1
679662;1
675562;1
675564;1
675566;1
675618;1
675622;1
675624;1
646368;1
642312;1
675646;1
679658;1
646334;1
675356;1
675354;1
675352;1
675348;1
648746;1
686918;1
689622;1
648744;1
679672;1
648738;1
648736;1
642278;1
648732;1
648722;1
648718;1
648716;1
646332;1
675162;1
642284;1
648498;1
648494;1
675196;1
648492;1
648422;1
648414;1
648412;1
675318;1
675342;1
675344;1
675346;1
679668;1
675722;1
646328;1
675738;1
675998;1
676112;1
642574;1
676124;1
676126;1
676128;1
676132;1
676134;1
676136;1
676138;1
676148;1
676152;1
675994;1
676154;1
676164;1
676216;1
676222;1
645296;1
645292;1
676278;1
676322;1
676396;1
679648;1
644628;1
679646;1
644466;1
676162;1
648752;1
675992;1
675964;1
675742;1
675762;1
646322;1
646248;1
646246;1
675784;1
675794;1
675796;1
646198;1
675812;1
675814;1
675816;1
675966;1
675818;1
686946;1
675844;1
646192;1
675912;1
675914;1
675916;1
675918;1
675922;1
675924;1
675932;1
675954;1
675962;1
686944;1
675822;1
646122;1
679224;1
686838;1
649334;1
649332;1
686846;1
686848;1
686866;1
649324;1
686924;1
649342;1
666662;1
689422;1
666626;1
686962;1
677566;1
649284;1
686964;1
686966;1
649282;1
686952;1
649346;1
646972;1
646976;1
686822;1
686824;1
649418;1
686826;1
648116;1
677638;1
649416;1
649414;1
677636;1
677634;1
649412;1
677632;1
649392;1
649384;1
672244;1
646992;1
686832;1
646978;1
677628;1
686968;1
682758;1
686216;1
686986;1
649248;1
646342;1
646318;1
649246;1
646316;1
646314;1
646312;1
649244;1
646344;1
689646;1
677444;1
689674;1
649214;1
649212;1
646292;1
689676;1
677436;1
649156;1
649242;1
677492;1
649252;1
649254;1
649268;1
666624;1
649266;1
646562;1
646384;1
646378;1
686992;1
646374;1
677544;1
686996;1
649264;1
677542;1
649262;1
646362;1
646352;1
649258;1
649256;1
646348;1
646346;1
686982;1
686696;1
648134;1
682756;1
648456;1
648454;1
686892;1
679522;1
662364;1
679542;1
648444;1
686568;1
648462;1
686614;1
679544;1
679546;1
679592;1
686532;1
664138;1
679594;1
679616;1
679622;1
686616;1
686516;1
679226;1
679518;1
686534;1
679328;1
679446;1
648476;1
679296;1
679294;1
671114;1
679292;1
679284;1
648482;1
679278;1
648484;1
686896;1
679276;1
679514;1
679516;1
645646;1
679264;1
679262;1
664164;1
679624;1
662228;1
679626;1
649674;1
686676;1
677782;1
649672;1
686424;1
686684;1
648188;1
686692;1
648184;1
682752;1
648182;1
649646;1
686694;1
648162;1
677692;1
649644;1
682754;1
648142;1
649594;1
649676;1
645432;1
677788;1
686656;1
662224;1
677994;1
679686;1
676648;1
677968;1
686618;1
645454;1
682632;1
686622;1
682648;1
686888;1
682714;1
649698;1
682718;1
649694;1
649692;1
686698;1
686664;1
686648;1
686658;1
649152;1
686842;1
686382;1
686442;1
686428;1
646244;1
686426;1
686396;1
686388;1
686386;1
686384;1
686218;1
686338;1
686332;1
676958;1
686328;1
686522;1
646242;1
686324;1
648758;1
648762;1
676968;1
686322;1
686316;1
648784;1
648786;1
686296;1
686292;1
686258;1
686256;1
686254;1
648922;1
648924;1
648742;1
648928;1
676954;1
637956;1
645224;1
676712;1
645226;1
676718;1
646124;1
648542;1
646126;1
676784;1
676786;1
686498;1
676788;1
686496;1
686494;1
645242;1
666116;1
648554;1
686492;1
645244;1
645246;1
645248;1
646136;1
648624;1
689994;1
686464;1
689992;1
686462;1
676942;1
676944;1
676946;1
676948;1
646128;1
686244;1
679396;1
686222;1
649142;1
649118;1
676984;1
649116;1
677424;1
677142;1
677162;1
646272;1
649136;1
677146;1
677426;1
646274;1
686238;1
677422;1
676986;1
677164;1
677238;1
643888;2
678972;2
675668;2
675666;2
643886;2
643672;2
675642;2
675652;2
675654;2
643228;2
644312;2
675632;2
675636;2
644162;2
645688;2
678974;2
645692;2
644164;2
645698;2
642226;2
642238;2
642228;2
642234;2
675568;2
645786;2
644166;2
642236;2
643674;2
675634;2
677944;2
675676;2
678362;2
677918;2
678958;2
642476;2
678948;2
642474;2
642244;2
678944;2
682666;2
678478;2
642466;2
678934;2
642464;2
652436;2
643654;2
643638;2
643634;2
643656;2
643658;2
642478;2
642986;2
675692;2
675694;2
643676;2
678492;2
675698;2
652628;2
652524;2
675686;2
678966;2
643662;2
642484;2
642422;2
646276;2
642242;2
642482;2
642334;2
678484;2
643678;2
644148;2
645682;2
642286;2
642486;2
679486;2
648496;2
678994;2
642166;2
678146;2
642488;2
679498;2
675216;2
675218;2
648488;2
678992;2
645644;2
642294;2
678142;2
675214;2
649164;2
662516;2
678174;2
649144;2
648474;2
645626;2
644128;2
649162;2
642444;2
642496;2
642156;2
644138;2
679128;2
642162;2
679124;2
678178;2
642282;2
648478;2
642492;2
642164;2
678258;2
644158;2
642442;2
675264;2
645672;2
665696;2
645674;2
675444;2
645676;2
648128;2
645678;2
645664;2
648126;2
648124;2
642426;2
643698;2
648122;2
645832;2
648118;2
678494;2
678516;2
644144;2
645658;2
645656;2
675268;2
675298;2
648282;2
642984;2
648152;2
678124;2
675324;2
675326;2
675328;2
678122;2
675336;2
678118;2
648146;2
644142;2
642428;2
645648;2
645652;2
678128;2
645686;2
642246;2
645662;2
642526;2
649364;2
678562;2
649362;2
678626;2
678624;2
641624;2
643686;2
677586;2
641626;2
643684;2
643682;2
641628;2
641642;2
649338;2
642424;2
644428;2
644418;2
643224;2
644528;2
642372;2
678386;2
676388;2
682766;2
642374;2
643688;2
649382;2
642382;2
642376;2
678668;2
642378;2
644572;2
642522;2
644566;2
644564;2
678392;2
642452;2
642396;2
648472;2
642384;2
641646;2
642412;2
643264;2
644328;2
642386;2
642392;2
644296;2
676696;2
686232;2
678436;2
678438;2
644316;2
641812;2
644314;2
641814;2
678456;2
644318;2
642414;2
678464;2
644332;2
642418;2
678394;2
644414;2
641644;2
644386;2
644384;2
678396;2
644366;2
678398;2
643238;2
644364;2
678472;2
644338;2
643648;2
644336;2
644334;2
643294;2
642516;2
645684;2
642368;2
642362;2
642992;2
642994;2
642982;2
642258;2
678364;2
645892;2
644216;2
642256;2
644218;2
644222;2
643696;2
644224;2
643694;2
642262;2
644226;2
642314;2
642394;2
644282;2
642462;2
644214;2
642336;2
642338;2
652412;2
641652;2
642248;2
678476;2
642252;2
649682;2
649688;2
642254;2
645498;2
645496;2
642344;2
678474;2
645494;2
649684;2
644212;2
649542;2
642318;2
642322;2
642468;2
645266;2
678384;2
645264;2
645262;2
678818;2
642458;2
643146;2
642346;2
638934;2
642514;2
644742;2
644288;2
642454;2
643692;2
643486;2
642348;2
645294;2
642398;2
642356;2
644284;2
642324;2
649528;2
676156;2
645488;2
649526;2
649518;2
678882;2
645468;2
645466;2
645464;2
645462;2
678874;2
642326;2
642328;2
678868;2
644286;2
642366;2
649146;2
675696;2
645444;2
667726;2
667744;2
664996;2
667784;2
667786;2
667788;2
664994;2
667822;2
667828;2
641164;2
646286;2
641168;2
641242;2
641244;2
671198;2
668224;2
668226;2
668228;2
668244;2
671196;2
668294;2
668296;2
641224;2
682744;2
667686;2
682746;2
667322;2
667344;2
667346;2
667348;2
667362;2
644754;2
667384;2
667388;2
665362;2
644738;2
667438;2
667456;2
667466;2
667482;2
667492;2
646278;2
645422;2
665282;2
645424;2
646282;2
646284;2
645426;2
682778;2
668298;2
641246;2
668324;2
668346;2
667888;2
667886;2
646968;2
641662;2
667698;2
645442;2
642276;2
644556;2
644554;2
644552;2
645446;2
669448;2
644548;2
667342;2
669464;2
669468;2
647852;2
667334;2
667332;2
667328;2
667326;2
667324;2
647854;2
667892;2
667318;2
667894;2
641658;2
644614;2
668364;2
641426;2
664928;2
644598;2
644594;2
644592;2
644584;2
677564;2
668696;2
644582;2
644578;2
644576;2
644574;2
644562;2
644558;2
641632;2
641636;2
641654;2
669478;2
641656;2
669444;2
668286;2
667896;2
667312;2
667296;2
667278;2
666196;2
646142;2
638246;2
638248;2
645258;2
646174;2
666176;2
645878;2
645876;2
645282;2
666146;2
645284;2
645286;2
645858;2
645288;2
665692;2
665686;2
665684;2
665682;2
666764;2
638264;2
675684;2
675682;2
638244;2
675678;2
645256;2
638234;2
666388;2
638164;2
666386;2
667364;2
645228;2
666378;2
666376;2
666372;2
638192;2
686282;2
666362;2
666352;2
666346;2
667368;2
666328;2
666522;2
666524;2
682984;2
666538;2
666296;2
686284;2
666282;2
638226;2
646134;2
667254;2
666786;2
675658;2
675296;2
675294;2
665492;2
665474;2
665468;2
675292;2
675246;2
646264;2
675222;2
667136;2
674878;2
665462;2
646268;2
667162;2
644762;2
667186;2
667188;2
667192;2
667194;2
665442;2
667216;2
667258;2
667262;2
665496;2
675662;2
665498;2
646262;2
665678;2
675656;2
645816;2
665674;2
665672;2
665668;2
665666;2
665664;2
665662;2
665658;2
665656;2
645814;2
665648;2
665646;2
665628;2
682878;2
682862;2
682846;2
665566;2
682838;2
682836;2
682834;2
665564;2
645382;2
644546;2
678242;2
667248;2
648292;2
644268;2
644266;2
644154;2
664658;2
664656;2
664654;2
644156;2
648278;2
664424;2
645456;2
677972;2
664546;2
677976;2
645458;2
644168;2
644172;2
644254;2
679488;2
648272;2
679554;2
679556;2
664648;2
644182;2
644346;2
645448;2
679268;2
648246;2
644344;2
649226;2
644342;2
674834;2
648248;2
644278;2
674832;2
648262;2
648266;2
648268;2
644276;2
649228;2
679558;2
664428;2
644252;2
644248;2
644174;2
644244;2
644242;2
664122;2
663962;2
649524;2
644238;2
648298;2
644234;2
642172;2
644192;2
644184;2
642556;2
649626;2
678646;2
642168;2
642552;2
642548;2
679342;2
649636;2
664134;2
644348;2
649522;2
649752;2
644176;2
645472;2
645474;2
674698;2
678184;2
644178;2
648458;2
645476;2
649366;2
649432;2
642964;2
645478;2
649434;2
678354;2
642966;2
678418;2
678422;2
644246;2
678432;2
678444;2
644362;2
642542;2
674844;2
667142;2
641672;2
674938;2
686898;2
644526;2
644524;2
644522;2
644514;2
648114;2
679698;2
664762;2
679696;2
642536;2
637826;2
637824;2
644372;2
666864;2
642186;2
642534;2
674894;2
667164;2
667166;2
667246;2
679178;2
667244;2
667242;2
667228;2
674952;2
667226;2
667224;2
644536;2
667222;2
642272;2
667184;2
667182;2
667178;2
667176;2
667174;2
667172;2
667168;2
648768;2
686276;2
648446;2
648136;2
674892;2
674858;2
666364;2
666318;2
679274;2
664662;2
644454;2
644452;2
644444;2
664668;2
641828;2
674846;2
641836;2
644392;2
648242;2
666152;2
644378;2
648244;2
644376;2
644374;2
644442;2
642182;2
666366;2
674868;2
648144;2
648138;2
664684;2
664682;2
642184;2
649166;2
666556;2
674874;2
649168;2
648156;2
641856;3
689988;3
641868;3
662564;3
641854;3
686562;3
665644;3
662562;3
689948;3
642546;3
641866;3
641862;3
641864;3
665642;3
642532;3
641858;3
642494;3
642544;3
642498;3
642538;3
637872;3
642714;3
686628;3
641676;3
666188;3
642446;3
686678;3
666292;3
666298;3
686672;3
638196;3
686674;3
686722;3
686726;3
686728;3
642448;3
686484;3
642644;3
666628;3
666644;3
686868;3
682662;3
638236;3
638238;3
638278;3
641622;3
641618;3
642456;3
641614;3
641284;3
641424;3
641526;3
682674;3
637816;3
666138;3
637966;3
686446;3
686448;3
642554;3
641852;3
689528;3
689522;3
642558;3
689498;3
689496;3
666186;3
642562;3
641848;3
641844;3
641842;3
638114;3
641822;3
642564;3
689486;3
641816;3
642566;3
686828;3
642572;3
689468;3
689462;3
637892;3
686468;3
686624;3
686472;3
686474;3
637964;3
641818;3
642528;3
676664;3
642154;3
667564;3
667428;3
667338;3
667336;3
667256;3
667252;3
641664;3
667568;3
667128;3
666984;3
666982;3
666926;3
677642;3
677644;3
666922;3
637856;3
666992;3
641686;3
667668;3
667862;3
641524;3
669838;3
669812;3
669698;3
669696;3
669694;3
641544;3
667836;3
677568;3
669494;3
641634;3
669488;3
677626;3
668464;3
668314;3
668128;3
677624;3
669846;3
641688;3
677686;3
666136;3
677866;3
664894;3
664892;3
664756;3
664754;3
664752;3
641838;3
664722;3
664696;3
677868;3
669954;3
664694;3
677892;3
664692;3
664688;3
664698;3
677684;3
641834;3
677864;3
669972;3
641694;3
641696;3
666736;3
666726;3
666656;3
641824;3
666264;3
666594;3
666586;3
677694;3
641826;3
666474;3
666316;3
666314;3
666312;3
666592;3
664686;3
641498;3
669674;3
638266;3
675458;3
675454;3
675438;3
676964;3
676966;3
638272;3
675728;3
675388;3
638276;3
675368;3
675366;3
675244;3
676974;3
671124;3
674646;3
638274;3
638286;3
675746;3
686266;3
638166;3
638198;3
638218;3
638224;3
676812;3
638232;3
676818;3
638262;3
637992;3
676122;3
637984;3
637982;3
637978;3
676888;3
676914;3
638258;3
637988;3
641486;3
674254;3
638436;3
641248;3
671122;3
671118;3
641262;3
641266;3
641268;3
641292;3
671192;3
669962;3
641298;3
669932;3
669926;3
641428;3
669918;3
637898;3
669876;3
641296;3
638432;3
671194;3
641228;3
638464;3
638498;3
638556;3
638842;3
671232;3
677428;3
677434;3
671214;3
677438;3
672488;3
641162;3
641166;3
641176;3
677488;3
671882;3
641226;3
639666;3
641876;3
664634;3
669948;3
644624;3
644618;3
644568;3
644542;3
644532;3
682884;3
644462;3
682768;3
644446;3
644426;3
644424;3
644388;3
682888;3
682944;3
644298;3
644294;3
682886;3
644292;3
644632;3
644644;3
645834;3
642136;3
645492;3
682726;3
682748;3
645486;3
682762;3
644638;3
645324;3
645298;3
642342;3
645128;3
645126;3
644744;3
642352;3
642358;3
682764;3
645836;3
644228;3
643892;3
686294;3
642524;3
642518;3
642512;3
642472;3
686326;3
686444;3
686288;3
686466;3
642232;3
642222;3
642214;3
642212;3
642198;3
642194;3
642158;3
686476;3
643894;3
671218;3
686252;3
643884;3
643882;3
643878;3
643876;3
643874;3
686224;3
686226;3
642416;3
686236;3
643498;3
643496;3
643494;3
686246;3
643492;3
643488;3
686248;3
686242;3
664422;3
646184;3
646194;3
678666;3
649628;3
678982;3
649372;3
679144;3
679146;3
679222;3
678664;3
649294;3
679272;3
649184;3
642188;3
642196;3
648844;3
679288;3
679298;3
679266;3
679344;3
678662;3
678632;3
663656;3
662476;3
662474;3
662212;3
652914;3
642134;3
652562;3
649648;3
678248;3
649734;3
678446;3
678448;3
649658;3
649656;3
678628;3
649654;3
678356;3
682696;3
679392;3
679442;3
642296;3
642298;3
679684;3
679688;3
682268;3
682412;3
682634;3
679524;3
682636;3
682638;3
682642;3
682644;3
682646;3
682664;3
682688;3
646196;3
646212;3
679394;3
648132;3
648416;3
679444;3
679448;3
669942;3
637876;3
679468;3
648728;3
648726;3
648284;3
679472;3
679476;3
679478;3
648622;3
648614;3
648566;3
679496;3
642292;3
679346;3
686274;3
678892;3
686234;3
669476;3
669472;3
669466;3
669462;3
669458;3
669446;3
669442;3
669436;3
669434;3
669432;3
669422;3
668736;3
668724;3
668722;3
668716;3
668712;3
668692;3
669512;3
644544;3
686272;3
644538;3
669856;3
669854;3
669836;3
644494;3
669824;3
644534;3
669668;3
669666;3
668624;3
669664;3
669644;3
669636;3
669628;3
669626;3
669624;3
669562;3
669548;3
669544;3
669662;3
669866;3
668496;3
644612;3
667154;3
667138;3
667134;3
667126;3
667124;3
667122;3
667118;3
666996;3
666994;3
666966;3
666962;3
666954;3
666948;3
644816;3
666934;3
666858;3
666768;3
667198;3
667314;3
644746;3
667424;3
668462;3
668448;3
668366;3
668338;3
668292;3
644646;3
667884;3
667882;3
644596;3
667842;3
667782;3
667746;3
667724;3
667528;3
667526;3
667446;3
667436;3
667434;3
644648;3
666766;3
644476;3
673214;3
643636;3
643642;3
675768;3
675766;3
675688;3
675672;3
675644;3
675638;3
675498;3
675496;3
675482;3
675478;3
675476;3
675466;3
675464;3
675452;3
675338;3
643628;3
643626;3
689996;3
643624;3
676994;3
676992;3
676928;3
676924;3
676918;3
676898;3
676882;3
671494;3
675322;3
676694;3
682992;3
676668;3
676666;3
643482;3
676364;3
643484;3
676218;3
675996;3
643296;3
673212;3
675314;3
675262;3
674686;3
674684;3
674682;3
674476;3
674298;3
644256;3
644264;3
644272;3
673922;3
673818;3
673626;3
644382;3
673472;3
644448;3
673436;3
673432;3
644458;3
674692;3
674696;3
644114;3
674836;3
675258;3
675256;3
675252;3
675242;3
675186;3
674974;3
674956;3
643864;3
675284;3
643866;3
643868;3
643896;3
674866;3
674864;3
674862;3
643898;3
674842;3
674838;3
674936;3
666762;3
666758;3
666752;3
663622;3
663232;3
662792;3
662788;3
662784;3
645622;3
645628;3
662596;3
662578;3
662576;3
645632;3
645634;3
645636;3
662518;3
662514;3
645642;3
662428;3
664136;3
664172;3
664184;3
664254;3
664746;3
664744;3
664738;3
664736;3
664734;3
664726;3
664724;3
664678;3
662322;3
664672;3
664664;3
664652;3
664642;3
664638;3
664636;3
645452;3
664612;3
664484;3
664666;3
664764;3
662294;3
645788;3
648238;3
648218;3
648186;3
648166;3
647874;3
646966;3
646366;3
646364;3
646296;3
646288;3
646266;3
645838;3
645852;3
645872;3
646224;3
646182;3
646152;3
648252;3
648254;3
648294;3
648296;3
649686;3
649668;3
649666;3
649664;3
649662;3
649622;3
649422;3
649344;3
662276;3
649148;3
648546;3
648544;3
672242;3
648486;3
648466;3
648452;3
648442;3
648438;3
648626;3
664766;3
664768;3
664774;3
666482;3
666478;3
666464;3
666454;3
666442;3
666438;3
666426;3
666374;3
666356;3
666326;3
645234;3
666322;3
666286;3
645252;3
645254;3
666194;3
666192;3
666492;3
644966;3
666526;3
666528;3
666746;3
666744;3
666724;3
666712;3
666694;3
666692;3
666616;3
666614;3
666184;3
666598;3
666582;3
666578;3
666566;3
666564;3
666562;3
666558;3
666544;3
644962;3
666596;3
666178;3
666174;3
666172;3
665152;3
665112;3
664992;3
664978;3
645436;3
664968;3
664954;3
664938;3
665154;3
664924;3
664918;3
664916;3
664882;3
664852;3
664794;3
664782;3
664778;3
664776;3
664922;3
677266;3
665184;3
665296;3
666162;3
666158;3
666156;3
666148;3
666144;3
666142;3
666132;3
666118;3
665186;3
666114;3
665654;3
665652;3
665626;3
665624;3
665562;3
665464;3
665378;3
665324;3
665676;3
677268;3
669528;3
677986;3
678698;3
678696;3
679368;3
642968;3
677748;3
677758;3
677762;3
679426;3
677772;3
679428;3
677774;3
679466;3
679492;3
682652;3
679494;3
679526;3
679528;3
677842;3
677848;3
642988;3
677882;3
677884;3
677886;3
677888;3
677898;3
679534;3
679568;3
677924;3
682546;3
678812;3
677926;3
678814;3
678842;3
679282;3
677486;3
643252;3
679336;3
677528;3
678942;3
678926;3
677548;3
682772;3
678924;3
677562;3
677588;3
643234;3
642974;3
677656;3
678922;3
682698;3
677674;3
677676;3
677696;3
677698;3
642928;3
679364;3
682676;3
678918;3
678914;3
678894;3
678866;3
678864;3
678816;3
677928;3
682544;3
677946;3
679116;3
678368;3
678346;3
678344;3
678324;3
678322;3
678132;3
678294;3
678256;3
678254;3
678246;3
679846;3
678134;3
679656;3
679666;3
679676;3
678136;3
678138;3
678234;3
678164;3
678168;3
678176;3
679782;3
679776;3
679772;3
678182;3
678186;3
678188;3
678228;3
678424;3
678426;3
678428;3
678434;3
677948;3
677952;3
682532;3
678694;3
678692;3
679584;3
682484;3
682482;3
678684;3
678654;3
678644;3
678642;3
678638;3
678622;3
679246;3
678618;3
678614;3
677964;3
678582;3
678568;3
678566;3
678564;3
678548;3
678542;3
682468;3
678458;3
678454;3
678452;3
678442;3
677984;3
678616;3
679244;3
677742;3
678978;3
682948;3
682832;3
678954;3
682822;3
679166;3
682958;3
682882;3
679154;3
678984;3
678986;3
682966;3
682788;3
642978;3
679188;3
682962;3
679228;3
682998;3
682894;3
679184;3
679168;3
682946;3
682942;3
678964;3
678968;3
682892;3
682938;3
678962;3
682924;3
682912;3
682898;3
682896;3
665448;3
679186;3
642734;3
679182;3
679152;3
682976;3
677464;3
678946;3
682978;3
678988;3
682974;3
678996;3
682782;3
679118;3
679142;3
679232;3
642732;3
679122;3
682988;3
678998;3
679234;3
642946;4
665318;4
665332;4
677148;4
644866;4
665342;4
644864;4
644868;4
677242;4
644878;4
675116;4
644882;4
675612;4
679738;4
666814;4
679756;4
689918;4
666782;4
666784;4
665386;4
672892;4
644888;4
644886;4
666812;4
665374;4
675112;4
665348;4
677144;4
666842;4
675114;4
666816;4
675614;4
677246;4
644854;4
644856;4
644826;4
679712;4
644824;4
675386;4
689926;4
666942;4
689952;4
644828;4
642936;4
689934;4
689936;4
642938;4
689938;4
642942;4
679636;4
677448;4
675364;4
679714;4
679722;4
642944;4
689364;4
675188;4
679632;4
689358;4
689344;4
666848;4
679734;4
689924;4
689342;4
665146;4
689326;4
689956;4
679732;4
644844;4
637926;4
689954;4
675418;4
679736;4
676316;4
644896;4
689382;4
676198;4
676194;4
676192;4
676186;4
676172;4
676184;4
644984;4
689812;4
689576;4
689574;4
666432;4
689816;4
676652;4
676654;4
676656;4
666618;4
676662;4
666622;4
666424;4
666416;4
676714;4
676524;4
676522;4
689666;4
666456;4
676244;4
689644;4
689632;4
666498;4
666496;4
689654;4
644974;4
669998;4
669996;4
676346;4
676716;4
644976;4
689656;4
689614;4
666476;4
644982;4
689658;4
689662;4
676232;4
676492;4
676494;4
676516;4
666484;4
689916;4
666632;4
644948;4
689482;4
689836;4
675836;4
644924;4
689464;4
689458;4
689456;4
637954;4
689454;4
644898;4
675928;4
689652;4
675864;4
675754;4
689868;4
689452;4
689392;4
689892;4
689386;4
644892;4
675734;4
644928;4
676876;4
676874;4
676872;4
644936;4
675988;4
638124;4
689562;4
676744;4
675984;4
689536;4
642972;4
689524;4
676792;4
666412;4
644932;4
689518;4
679414;4
637994;4
642956;4
689818;4
642954;4
642952;4
676862;4
689832;4
642948;4
666234;4
679758;4
677284;4
637846;4
648672;4
648668;4
648666;4
672182;4
672222;4
648636;4
648634;4
672224;4
648586;4
648582;4
672226;4
672228;4
686394;4
686512;4
648674;4
672232;4
686518;4
672246;4
686528;4
672248;4
686554;4
686556;4
648464;4
686574;4
642698;4
672256;4
672484;4
642722;4
672278;4
672282;4
648526;4
648676;4
672928;4
672926;4
649286;4
649274;4
671946;4
648952;4
648946;4
671222;4
648944;4
648942;4
648936;4
648934;4
648932;4
648926;4
648916;4
648914;4
648912;4
648836;4
648832;4
686336;4
672924;4
648692;4
671974;4
671966;4
671964;4
672482;4
648778;4
648792;4
648812;4
648814;4
648824;4
671188;4
671962;4
648782;4
649288;4
672286;4
672292;4
689352;4
689354;4
666458;4
689424;4
689426;4
689428;4
689444;4
666428;4
689448;4
689556;4
689584;4
646358;4
646354;4
689624;4
646372;4
672438;4
689682;4
689684;4
662898;4
686342;4
689722;4
689724;4
689726;4
646232;4
689852;4
689854;4
689858;4
689864;4
689982;4
646222;4
642724;4
666462;4
646376;4
646566;4
672296;4
672478;4
672476;4
672474;4
672472;4
672466;4
672464;4
686398;4
646988;4
666698;4
666682;4
646964;4
666666;4
672424;4
646954;4
646952;4
672428;4
646582;4
646584;4
646586;4
646588;4
646732;4
672436;4
672288;4
646764;4
672456;4
646782;4
646784;4
672434;4
646788;4
672432;4
672454;4
642934;4
649348;4
649386;4
662996;4
662994;4
662992;4
662988;4
672678;4
662964;4
672666;4
662958;4
662956;4
662928;4
662926;4
662924;4
662922;4
662916;4
662998;4
662896;4
662884;4
662866;4
671812;4
662822;4
671814;4
671826;4
679322;4
679324;4
679326;4
671852;4
671854;4
642858;4
642854;4
645624;4
662892;4
663236;4
663244;4
642864;4
642924;4
642922;4
642918;4
642916;4
679818;4
642912;4
686768;4
677784;4
642898;4
642628;4
642896;4
686756;4
679834;4
642894;4
664614;4
679856;4
664562;4
671672;4
686714;4
671664;4
664146;4
645546;4
664166;4
642828;4
686716;4
679918;4
677998;4
664258;4
672696;4
677992;4
642646;4
642656;4
671898;4
662696;4
642826;4
682462;4
671892;4
641892;4
672528;4
672524;4
672512;4
672498;4
672496;4
672494;4
672492;4
652496;4
652494;4
652492;4
641888;4
672534;4
652482;4
641882;4
652432;4
672958;4
671894;4
686546;4
649678;4
686544;4
686542;4
686536;4
642764;4
649536;4
649534;4
671896;4
642756;4
652448;4
672562;4
679912;4
652682;4
672628;4
638138;4
662584;4
648982;4
682574;4
642822;4
642792;4
649714;4
642784;4
662492;4
642774;4
662452;4
662438;4
662434;4
642682;4
662398;4
642772;4
672582;4
652954;4
671864;4
671862;4
686548;4
662244;4
662692;4
662252;4
679596;4
662254;4
662268;4
679588;4
662274;4
686572;4
679598;4
674898;4
673478;4
674766;4
648424;4
648426;4
643822;4
643824;4
643826;4
675194;4
675192;4
643122;4
643832;4
675182;4
648612;4
675168;4
675166;4
643124;4
675164;4
648654;4
648656;4
648658;4
648662;4
648664;4
648682;4
648714;4
675154;4
675152;4
675146;4
675128;4
675124;4
675122;4
648652;4
677724;4
677722;4
643166;4
677484;4
675842;4
675824;4
675798;4
675792;4
675782;4
675772;4
643446;4
643322;4
675764;4
646324;4
646326;4
675724;4
643182;4
646336;4
646356;4
646396;4
675546;4
646568;4
646572;4
646578;4
675524;4
675512;4
646938;4
646944;4
642824;4
643186;4
643168;4
675376;4
674998;4
674996;4
674994;4
643834;4
674678;4
649388;4
674676;4
674674;4
649442;4
649444;4
674672;4
674668;4
674666;4
674664;4
674634;4
674632;4
674618;4
674574;4
674568;4
649394;4
674566;4
674554;4
674544;4
674542;4
674532;4
674488;4
674486;4
642148;4
649718;4
674484;4
674474;4
674472;4
649732;4
674688;4
646188;4
674724;4
649238;4
643842;4
643848;4
674972;4
674968;4
674948;4
674946;4
674944;4
643114;4
648794;4
648796;4
648798;4
648816;4
648818;4
674932;4
674928;4
648846;4
674926;4
674924;4
674922;4
648856;4
648858;4
648864;4
674888;4
648878;4
674884;4
674826;4
674824;4
649234;4
674822;4
674756;4
671274;4
675858;4
643632;4
671488;4
677326;4
676758;4
676754;4
676734;4
676732;4
676728;4
677332;4
677346;4
676672;4
677362;4
677366;4
643328;4
676642;4
643412;4
676624;4
676622;4
676614;4
676612;4
676592;4
676588;4
676586;4
676574;4
643464;4
676546;4
676542;4
676514;4
676512;4
676486;4
676772;4
676478;4
671486;4
676838;4
677286;4
671436;4
677262;4
677228;4
677226;4
677224;4
677222;4
644132;4
677218;4
671438;4
677188;4
677186;4
677168;4
677166;4
677124;4
677292;4
677294;4
643818;4
671434;4
671452;4
671432;4
677312;4
671458;4
671462;4
671428;4
676848;4
671466;4
671468;4
676842;4
671484;4
674458;4
676476;4
676464;4
676288;4
676286;4
676284;4
676282;4
676266;4
676264;4
676262;4
676246;4
676226;4
676224;4
643524;4
643542;4
643548;4
643612;4
676168;4
676166;4
676158;4
677398;4
671418;4
675946;4
675944;4
645522;4
645524;4
645526;4
675898;4
671278;4
675894;4
675884;4
677468;4
644998;4
676474;4
644996;4
644992;4
676462;4
676446;4
676444;4
679752;4
676442;4
676428;4
676426;4
676422;4
676398;4
676384;4
676382;4
676376;4
677388;4
677392;4
643526;4
643522;4
676312;4
644684;4
644686;4
644694;4
644696;4
644698;4
676298;4
676296;4
644876;4
676294;4
676292;4
644986;4
644988;4
644994;4
674456;4
674454;4
674452;4
671872;4
637928;4
671876;4
667872;4
667866;4
671886;4
667864;4
671944;4
667852;4
667844;4
672258;4
667832;4
667826;4
672264;4
672266;4
672268;4
672272;4
672274;4
667824;4
667796;4
641142;4
672578;4
672592;4
672662;4
672664;4
672686;4
672922;4
672964;4
672576;4
671832;4
644652;4
671828;4
671652;4
669928;4
668424;4
668422;4
668416;4
668414;4
668412;4
668388;4
668382;4
668372;4
669984;4
668368;4
668362;4
668332;4
668312;4
668254;4
668246;4
668212;4
671252;4
671254;4
671412;4
671414;4
671416;4
671422;4
671424;4
671426;4
671472;4
668122;4
667948;4
637936;4
671658;4
668442;4
673226;4
673234;4
674256;4
644688;4
674332;4
674334;4
674336;4
674346;4
674414;4
674436;4
674442;4
674466;4
674482;4
637812;4
671162;4
674612;4
674614;4
674636;4
644692;4
674644;4
674648;4
674652;4
674654;4
674656;4
674658;4
667422;4
674728;4
674732;4
674734;4
674738;4
674764;4
667522;4
667732;4
638296;4
674218;4
673236;4
673238;4
673244;4
673246;4
673262;4
644662;4
673266;4
644664;4
667644;4
667638;4
673284;4
673286;4
673288;4
667626;4
667624;4
667622;4
673298;4
677282;4
673494;4
673496;4
673498;4
667614;4
667612;4
667562;4
673964;4
644682;4
674212;4
674214;4
674216;4
674222;4
689958;4
668444;4
641126;4
674132;4
673948;4
673928;4
673896;4
673882;4
673864;4
665346;4
665158;4
673812;4
673486;4
673482;4
673468;4
673466;4
673446;4
666268;4
673276;4
673274;4
666472;4
673256;4
673252;4
673224;4
641878;4
672998;4
672996;4
672994;4
666654;4
672992;4
672978;4
672976;4
674162;4
672974;4
674166;4
674194;4
674448;4
674444;4
674416;4
674348;4
652456;4
674344;4
674342;4
674338;4
674316;4
652918;4
652928;4
652932;4
652982;4
674314;4
674284;4
662426;4
662472;4
674278;4
662478;4
674268;4
674264;4
642114;4
662944;4
674246;4
674232;4
674228;4
674226;4
674224;4
674196;4
674192;4
668482;4
666796;4
644486;4
669136;4
669112;4
668992;4
668976;4
668316;4
668318;4
668974;4
668958;4
669232;4
669248;4
668972;4
668966;4
668964;4
668956;4
668954;4
668952;4
668934;4
668896;4
668884;4
668822;4
641594;4
668782;4
668766;4
668764;4
668762;4
668742;4
668738;4
668728;4
641518;4
669172;4
672972;4
669176;4
669274;4
644488;4
669582;4
669578;4
669556;4
669554;4
669552;4
669536;4
669534;4
669532;4
669526;4
669518;4
669516;4
672882;4
672874;4
672828;4
672822;4
672792;4
667642;4
667662;4
667664;4
641598;4
667694;4
669412;4
669392;4
669352;4
669294;4
667838;4
669292;4
669282;4
669212;4
675896;4
